ID;bond_Cpos
Q9BRT3;30
Q9BRT3;33
P02786;89
P02786;98
Q8NBN3;128
Q8NBN3;128
Q8NBN3;431
Q8NBN3;431
Q8NBN3;74
Q8NBN3;74
Q8NBN3;89
Q8NBN3;89
P04234;37
P04234;73
Q96JJ7;53
Q96JJ7;56
P60033;156
P60033;156
P60033;156
P60033;156
P60033;156
P60033;156
P60033;156
P60033;156
P60033;156
P60033;156
P60033;156
P60033;156
P60033;156
P60033;156
P60033;156
P60033;156
P60033;156
P60033;156
P60033;156
P60033;157
P60033;157
P60033;157
P60033;157
P60033;157
P60033;157
P60033;157
P60033;157
P60033;157
P60033;157
P60033;157
P60033;157
P60033;157
P60033;157
P60033;157
P60033;157
P60033;157
P60033;157
P60033;157
P60033;175
P60033;175
P60033;175
P60033;175
P60033;175
P60033;175
P60033;175
P60033;175
P60033;175
P60033;175
P60033;175
P60033;175
P60033;175
P60033;175
P60033;175
P60033;175
P60033;175
P60033;175
P60033;175
P60033;190
P60033;190
P60033;190
P60033;190
P60033;190
P60033;190
P60033;190
P60033;190
P60033;190
P60033;190
P60033;190
P60033;190
P60033;190
P60033;190
P60033;190
P60033;190
P60033;190
P60033;190
P60033;190
Q01650;164
P08195;210
P08195;210
P08195;210
P08195;210
P08195;210
P43489;107
P43489;107
P43489;109
P43489;109
P43489;125
P43489;125
P43489;128
P43489;128
P43489;141
P43489;141
P43489;147
P43489;166
P43489;31
P43489;31
P43489;42
P43489;42
P43489;43
P43489;43
P43489;46
P43489;46
P43489;56
P43489;56
P43489;64
P43489;64
P43489;67
P43489;67
P43489;81
P43489;81
P43489;84
P43489;84
P43489;87
P43489;87
P43489;99
P43489;99
Q93096;104
Q93096;49
Q96HE7;131
Q96HE7;131
Q96HE7;94
Q96HE7;94
Q96HE7;104
Q96HE7;208
Q96HE7;208
Q96HE7;208
Q96HE7;241
Q96HE7;241
Q96HE7;241
Q96HE7;35
Q96HE7;35
Q96HE7;35
Q96HE7;37
Q96HE7;37
Q96HE7;37
Q96HE7;391
Q96HE7;391
Q96HE7;391
Q96HE7;394
Q96HE7;394
Q96HE7;394
Q96HE7;397
Q96HE7;397
Q96HE7;397
Q96HE7;46
Q96HE7;46
Q96HE7;46
Q96HE7;48
Q96HE7;48
Q96HE7;48
Q96HE7;85
Q96HE7;85
Q96HE7;85
Q96HE7;94
Q96HE7;94
Q96HE7;99
Q96HE7;99
Q96HE7;99
P48960;114
P48960;120
P48960;127
P48960;133
P48960;142
P48960;144
P48960;158
P48960;164
P48960;171
P48960;177
P48960;186
P48960;188
P48960;207
P48960;213
P48960;220
P48960;226
P48960;235
P48960;237
P48960;256
P48960;26
P48960;30
P48960;36
P48960;42
P48960;44
P48960;62
P48960;68
P48960;76
P48960;82
P48960;91
P48960;93
P28907;254
P28907;275
P28907;67
P28907;82
P28907;160
P28907;173
P28907;180
P28907;287
P28907;296
P28907;99
Q13217;248
Q13217;258
Q13217;313
Q13217;329
Q9Y3P8;27
P04233;213
P04233;213
P04233;232
P04233;232
P04233;243
P04233;243
P04233;250
P04233;250
P04233;252
P04233;252
P04233;271
P04233;271
Q9Y624;109
Q9Y624;153
Q9Y624;212
Q9Y624;50
P13473;153
P13473;189
P13473;232
P13473;265
P13473;331
P13473;368
P13473;41
P13473;79
Q93038;165
Q93038;176
Q93038;187
Q93038;195
Q93038;35
Q93038;47
Q93038;51
Q93038;70
Q93038;107
Q93038;115
Q93038;117
Q93038;130
Q93038;138
Q93038;141
Q93038;155
Q93038;162
Q93038;179
Q93038;191
Q93038;48
Q93038;61
Q93038;73
Q93038;89
Q93038;92
Q93038;95
P32942;139
P32942;190
P32942;241
P32942;294
P32942;53
P32942;53
P32942;53
P32942;96
P32942;96
P32942;96
P32942;100
P32942;100
P32942;336
P32942;375
P32942;423
P32942;462
P32942;57
P32942;57
Q08722;114
Q08722;263
Q08722;33
Q08722;41
P06127;107
P06127;107
P06127;117
P06127;117
P06127;125
P06127;125
P06127;132
P06127;132
P06127;201
P06127;244
P06127;250
P06127;267
P06127;285
P06127;285
P06127;301
P06127;301
P06127;316
P06127;316
P06127;321
P06127;321
P06127;342
P06127;342
P06127;350
P06127;350
P06127;360
P06127;360
P06127;367
P06127;367
P06127;44
P06127;44
P06127;60
P06127;60
P06127;81
P06127;81
P06127;86
P06127;86
O14672;473
O14672;473
O14672;473
O14672;479
O14672;479
O14672;479
O14672;524
O14672;524
O14672;524
O14672;543
O14672;543
O14672;543
O14672;555
O14672;555
O14672;555
O14672;567
O14672;567
O14672;567
Q9H3N1;56
Q9H3N1;56
Q9H3N1;59
Q9H3N1;59
O14672;222
O14672;222
O14672;222
O14672;313
O14672;313
O14672;313
O14672;344
O14672;344
O14672;344
O14672;399
O14672;399
O14672;399
O14672;435
O14672;435
O14672;435
O14672;451
O14672;451
O14672;451
O14672;460
O14672;460
O14672;460
O14672;471
O14672;471
O14672;471
O14672;483
O14672;483
O14672;483
O14672;484
O14672;484
O14672;484
O14672;495
O14672;495
O14672;495
O14672;503
O14672;503
O14672;503
O14672;510
O14672;510
O14672;510
O14672;511
O14672;511
O14672;511
O14672;515
O14672;515
O14672;515
O14672;530
O14672;530
O14672;530
O14672;536
O14672;536
O14672;536
O14672;562
O14672;562
O14672;562
O14672;572
O14672;572
O14672;572
O14672;580
O14672;580
O14672;580
O14672;582
O14672;582
O14672;582
O14672;594
O14672;594
O14672;594
O14672;597
O14672;597
O14672;597
O14672;598
O14672;598
O14672;598
O14672;607
O14672;607
O14672;607
O14672;632
O14672;632
O14672;632
O14672;639
O14672;639
O14672;639
O14672;645
O14672;645
O14672;645
P09564;114
P09564;142
P09564;35
P09564;48
Q9BSY4;12
Q9BSY4;12
Q9BSY4;44
Q9BSY4;44
Q9BSY4;22
Q9BSY4;22
Q9BSY4;34
Q9BSY4;34
Q9BSY4;58
Q9BSY4;58
Q9BSY4;68
Q9BSY4;68
Q9BSY4;79
Q9BSY4;79
Q9BSY4;89
Q9BSY4;89
P62072;29
P62072;33
P62072;50
P62072;54
P49682;124
P49682;203
P32248;129
P32248;210
P20700;317
Q9Y6X5;254
Q9Y6X5;287
Q9Y6X5;394
Q9Y6X5;401
P10321;227
P10321;227
P10321;227
P10321;283
P10321;283
P10321;283
P10321;125
P10321;125
P10321;125
P10321;188
P10321;188
P10321;188
P27487;328
P27487;328
P27487;339
P27487;339
P27487;385
P27487;385
P27487;394
P27487;394
P27487;444
P27487;444
P27487;447
P27487;447
P27487;454
P27487;454
P27487;472
P27487;472
P27487;649
P27487;649
P27487;762
P27487;762
P20645;132
P20645;145
P20645;167
P20645;179
P20645;32
P20645;78
Q9NP58;26
Q9NP58;8
Q9BQB6;132
Q9BQB6;132
Q9BQB6;132
Q9BQB6;132
Q9BQB6;132
Q9BQB6;135
Q9BQB6;135
Q9BQB6;135
Q9BQB6;135
Q9BQB6;135
Q9BQB6;43
Q9BQB6;43
Q9BQB6;43
Q9BQB6;51
Q9BQB6;51
Q9BQB6;51
O15118;240
O15118;240
O15118;240
O15118;240
O15118;247
O15118;247
O15118;247
O15118;247
O15118;468
O15118;468
O15118;468
O15118;468
O15118;468
O15118;468
O15118;468
O15118;468
O15118;468
O15118;468
O15118;468
O15118;468
O15118;479
O15118;479
O15118;479
O15118;479
O15118;479
O15118;479
O15118;479
O15118;479
O15118;479
O15118;479
O15118;479
O15118;479
O15118;1011
O15118;1011
O15118;1011
O15118;109
O15118;109
O15118;109
O15118;109
O15118;109
O15118;109
O15118;109
O15118;177
O15118;177
O15118;177
O15118;177
O15118;177
O15118;177
O15118;177
O15118;184
O15118;184
O15118;184
O15118;184
O15118;184
O15118;184
O15118;184
O15118;227
O15118;227
O15118;227
O15118;227
O15118;227
O15118;227
O15118;227
O15118;238
O15118;238
O15118;238
O15118;238
O15118;238
O15118;238
O15118;238
O15118;243
O15118;243
O15118;243
O15118;243
O15118;243
O15118;243
O15118;243
O15118;25
O15118;25
O15118;25
O15118;25
O15118;25
O15118;25
O15118;25
O15118;63
O15118;63
O15118;63
O15118;63
O15118;63
O15118;63
O15118;63
O15118;74
O15118;74
O15118;74
O15118;74
O15118;74
O15118;74
O15118;74
O15118;956
O15118;956
O15118;956
O15118;957
O15118;957
O15118;957
O15118;967
O15118;967
O15118;967
O15118;97
O15118;97
O15118;97
O15118;97
O15118;97
O15118;97
O15118;97
O15118;976
O15118;976
O15118;976
O15118;979
O15118;979
O15118;979
O15118;100
O15118;100
O15118;100
O15118;100
O15118;100
O15118;100
O15118;100
O15118;113
O15118;113
O15118;113
O15118;113
O15118;113
O15118;113
O15118;113
O15118;160
O15118;160
O15118;160
O15118;160
O15118;160
O15118;160
O15118;160
O15118;31
O15118;31
O15118;31
O15118;31
O15118;31
O15118;31
O15118;31
O15118;42
O15118;42
O15118;42
O15118;42
O15118;42
O15118;42
O15118;42
O15118;516
O15118;516
O15118;516
O15118;516
O15118;516
O15118;516
O15118;516
O15118;516
O15118;516
O15118;516
O15118;516
O15118;516
O15118;533
O15118;533
O15118;533
O15118;533
O15118;533
O15118;533
O15118;533
O15118;533
O15118;533
O15118;533
O15118;533
O15118;533
O15118;75
O15118;75
O15118;75
O15118;75
O15118;75
O15118;75
O15118;75
O15118;909
O15118;909
O15118;909
O15118;914
O15118;914
O15118;914
P15907;142
P15907;142
P15907;406
P15907;406
P15907;184
P15907;184
P15907;184
P15907;335
P15907;335
P15907;335
P15907;353
P15907;353
P15907;353
P15907;364
P15907;364
P15907;364
Q07108;68
P05107;191
P05107;191
P05107;25
P05107;25
P05107;25
P05107;25
P05107;25
P05107;25
P05107;25
P05107;386
P05107;386
P05107;386
P05107;386
P05107;386
P05107;386
P05107;386
P05107;400
P05107;400
P05107;400
P05107;400
P05107;400
P05107;400
P05107;400
P05107;43
P05107;43
P05107;43
P05107;43
P05107;43
P05107;43
P05107;43
P05107;46
P05107;46
P05107;46
P05107;46
P05107;46
P05107;46
P05107;46
P05107;483
P05107;483
P05107;483
P05107;483
P05107;483
P05107;483
P05107;483
P05107;514
P05107;514
P05107;514
P05107;514
P05107;514
P05107;514
P05107;514
P05107;541
P05107;541
P05107;541
P05107;541
P05107;541
P05107;541
P05107;541
P05107;557
P05107;557
P05107;557
P05107;557
P05107;557
P05107;557
P05107;557
P05107;564
P05107;564
P05107;564
P05107;564
P05107;564
P05107;564
P05107;564
P05107;573
P05107;573
P05107;573
P05107;573
P05107;573
P05107;573
P05107;573
P05107;575
P05107;575
P05107;575
P05107;575
P05107;575
P05107;575
P05107;575
P05107;590
P05107;590
P05107;590
P05107;590
P05107;590
P05107;590
P05107;590
P05107;598
P05107;598
P05107;598
P05107;598
P05107;598
P05107;598
P05107;598
P05107;601
P05107;601
P05107;601
P05107;601
P05107;601
P05107;601
P05107;601
P05107;631
P05107;631
P05107;631
P05107;631
P05107;631
P05107;631
P05107;631
P05107;643
P05107;643
P05107;643
P05107;643
P05107;643
P05107;643
P05107;643
P05107;73
P05107;73
P05107;73
P05107;73
P05107;73
P05107;73
P05107;73
P05107;191
P05107;191
P05107;191
P05107;191
P05107;191
P05107;198
P05107;198
P05107;198
P05107;198
P05107;198
P05107;198
P05107;198
P05107;246
P05107;246
P05107;246
P05107;246
P05107;246
P05107;246
P05107;246
P05107;286
P05107;286
P05107;286
P05107;286
P05107;286
P05107;286
P05107;286
P05107;420
P05107;420
P05107;420
P05107;420
P05107;420
P05107;420
P05107;420
P05107;445
P05107;445
P05107;445
P05107;445
P05107;445
P05107;445
P05107;445
P05107;459
P05107;459
P05107;459
P05107;459
P05107;472
P05107;472
P05107;472
P05107;472
P05107;472
P05107;472
P05107;472
P05107;481
P05107;481
P05107;481
P05107;481
P05107;481
P05107;481
P05107;481
P05107;536
P05107;536
P05107;536
P05107;536
P05107;536
P05107;536
P05107;536
P05107;549
P05107;549
P05107;549
P05107;549
P05107;549
P05107;549
P05107;549
P05107;559
P05107;559
P05107;559
P05107;559
P05107;559
P05107;559
P05107;559
P05107;562
P05107;562
P05107;562
P05107;562
P05107;562
P05107;562
P05107;562
P05107;582
P05107;582
P05107;582
P05107;582
P05107;582
P05107;582
P05107;582
P05107;596
P05107;596
P05107;596
P05107;596
P05107;596
P05107;596
P05107;596
P05107;603
P05107;603
P05107;603
P05107;603
P05107;603
P05107;603
P05107;603
P05107;612
P05107;612
P05107;612
P05107;612
P05107;612
P05107;612
P05107;612
P05107;670
P05107;670
P05107;670
P05107;670
P05107;670
P05107;670
P05107;670
P05107;695
P05107;695
P05107;695
P05107;695
P05107;695
P05107;695
P05107;695
P05107;33
P05107;33
P05107;33
P05107;33
P05107;33
P05107;33
P05107;33
P05107;447
P05107;447
P05107;447
P05107;447
P05107;447
P05107;447
P05107;447
P05107;459
P05107;459
P05107;459
P05107;470
P05107;470
P05107;470
P05107;470
P05107;470
P05107;470
P05107;470
P05107;497
P05107;497
P05107;497
P05107;497
P05107;497
P05107;497
P05107;497
P05107;512
P05107;512
P05107;512
P05107;512
P05107;512
P05107;512
P05107;512
P05107;519
P05107;519
P05107;519
P05107;519
P05107;519
P05107;519
P05107;519
P05107;534
P05107;534
P05107;534
P05107;534
P05107;534
P05107;534
P05107;534
P05107;36
P05107;36
P05107;36
P05107;36
P05107;36
P05107;36
P05107;36
P05107;449
P05107;449
P05107;449
P05107;449
P05107;449
P05107;449
P05107;449
P05107;467
P05107;467
P05107;467
P05107;467
P05107;467
P05107;467
P05107;467
P05107;506
P05107;506
P05107;506
P05107;506
P05107;506
P05107;506
P05107;506
P05107;517
P05107;517
P05107;517
P05107;517
P05107;517
P05107;517
P05107;517
P05107;615
P05107;615
P05107;615
P05107;615
P05107;615
P05107;615
P05107;615
P05107;618
P05107;618
P05107;618
P05107;618
P05107;618
P05107;618
P05107;618
P05107;62
P05107;62
P05107;62
P05107;62
P05107;62
P05107;62
P05107;62
P05107;622
P05107;622
P05107;622
P05107;622
P05107;622
P05107;622
P05107;622
P05107;628
P05107;628
P05107;628
P05107;628
P05107;628
P05107;628
P05107;628
P05107;647
P05107;647
P05107;647
P05107;647
P05107;647
P05107;647
P05107;647
P05107;662
P05107;662
P05107;662
P05107;662
P05107;662
P05107;662
P05107;662
Q8WXH0;6862
Q8WXH0;6862
P16070;118
P16070;118
P16070;118
P16070;129
P16070;129
P16070;129
P16070;28
P16070;28
P16070;28
P16070;53
P16070;53
P16070;53
P16070;77
P16070;77
P16070;77
P16070;97
P16070;97
P16070;97
Q9Y6N5;201
Q9Y6N5;379
Q8WUX1;221
Q8WUX1;247
P11279;155
P11279;155
P11279;191
P11279;191
P11279;231
P11279;231
P11279;269
P11279;269
P11279;338
P11279;338
P11279;375
P11279;375
P11279;41
P11279;41
P11279;80
P11279;80
Q8NBK3;218
Q8NBK3;218
Q8NBK3;235
Q8NBK3;235
Q8NBK3;346
Q8NBK3;346
Q8NBK3;365
Q8NBK3;365
Q8NBK3;50
Q8NBK3;50
Q8NBK3;52
Q8NBK3;52
P05556;38
P05556;38
P05556;38
P05556;38
P05556;38
P05556;38
P05556;466
P05556;466
P05556;477
P05556;477
P05556;486
P05556;486
P05556;489
P05556;489
P05556;525
P05556;525
P05556;536
P05556;536
P05556;538
P05556;538
P05556;553
P05556;553
P05556;592
P05556;592
P05556;615
P05556;615
P05556;633
P05556;633
P05556;636
P05556;636
P05556;64
P05556;64
P05556;64
P05556;64
P05556;64
P05556;64
P05556;640
P05556;640
P05556;691
P05556;691
P05556;207
P05556;207
P05556;207
P05556;207
P05556;207
P05556;207
P05556;213
P05556;213
P05556;213
P05556;213
P05556;213
P05556;213
P05556;261
P05556;261
P05556;261
P05556;261
P05556;261
P05556;261
P05556;27
P05556;27
P05556;27
P05556;27
P05556;27
P05556;27
P05556;301
P05556;301
P05556;301
P05556;301
P05556;301
P05556;301
P05556;35
P05556;35
P05556;35
P05556;35
P05556;35
P05556;35
P05556;401
P05556;401
P05556;401
P05556;401
P05556;401
P05556;401
P05556;415
P05556;415
P05556;415
P05556;415
P05556;415
P05556;415
P05556;435
P05556;435
P05556;435
P05556;435
P05556;435
P05556;435
P05556;45
P05556;45
P05556;45
P05556;45
P05556;45
P05556;45
P05556;462
P05556;462
P05556;462
P05556;462
P05556;462
P05556;462
P05556;464
P05556;464
P05556;464
P05556;464
P05556;464
P05556;464
P05556;48
P05556;48
P05556;48
P05556;48
P05556;48
P05556;491
P05556;491
P05556;500
P05556;500
P05556;502
P05556;502
P05556;516
P05556;516
P05556;531
P05556;531
P05556;533
P05556;533
P05556;555
P05556;555
P05556;560
P05556;560
P05556;568
P05556;568
P05556;574
P05556;574
P05556;579
P05556;579
P05556;581
P05556;581
P05556;590
P05556;590
P05556;599
P05556;599
P05556;607
P05556;607
P05556;613
P05556;613
P05556;618
P05556;618
P05556;620
P05556;620
P05556;630
P05556;630
P05556;649
P05556;649
P05556;661
P05556;661
P05556;699
P05556;699
P05556;723
P05556;723
P05556;75
P05556;75
P05556;75
P05556;75
P05556;75
P05556;576
P05556;576
P05556;646
P05556;646
P05556;665
P05556;665
P13598;134
P13598;134
P13598;190
P13598;190
P13598;48
P13598;48
P13598;52
P13598;52
P13598;91
P13598;91
P13598;95
P13598;95
Q96QD8;245
Q96QD8;281
P15151;123
P15151;123
P15151;166
P15151;221
P15151;266
P15151;312
P15151;49
P15151;49
O95297;135
O95297;135
O95297;135
O95297;58
O95297;58
O95297;58
Q14242;320
P35914;323
P41217;118
P41217;121
P41217;136
P41217;160
P41217;214
P41217;51
P04114;245
P04114;245
P04114;261
P04114;261
P04114;3194
P04114;3194
P04114;3324
P04114;3324
P04114;39
P04114;39
P04114;78
P04114;78
P04114;88
P04114;88
P04114;966
P04114;966
P04114;97
P04114;97
P04114;976
P04114;976
P04114;186
P04114;186
P04114;212
P04114;212
P04114;385
P04114;385
P04114;390
P04114;390
P04114;478
P04114;478
P04114;513
P04114;513
P01024;693
P01024;720
P19440;192
P19440;196
P19440;50
P19440;74
