name	ID	CntrUS_vs_CntrStim_p.val	FarnStim_vs_CntrStim_p.val	FarnStim_vs_CntrUS_p.val	FarnStim_vs_GeraStim_p.val	FarnStim_vs_GeraUS_p.val	FarnUS_vs_CntrStim_p.val	FarnUS_vs_CntrUS_p.val	FarnUS_vs_FarnStim_p.val	FarnUS_vs_GeraStim_p.val	FarnUS_vs_GeraUS_p.val	GeraStim_vs_CntrStim_p.val	GeraStim_vs_CntrUS_p.val	GeraUS_vs_CntrStim_p.val	GeraUS_vs_CntrUS_p.val	GeraUS_vs_GeraStim_p.val	CntrUS_vs_CntrStim_p.adj	FarnStim_vs_CntrStim_p.adj	FarnStim_vs_CntrUS_p.adj	FarnStim_vs_GeraStim_p.adj	FarnStim_vs_GeraUS_p.adj	FarnUS_vs_CntrStim_p.adj	FarnUS_vs_CntrUS_p.adj	FarnUS_vs_FarnStim_p.adj	FarnUS_vs_GeraStim_p.adj	FarnUS_vs_GeraUS_p.adj	GeraStim_vs_CntrStim_p.adj	GeraStim_vs_CntrUS_p.adj	GeraUS_vs_CntrStim_p.adj	GeraUS_vs_CntrUS_p.adj	GeraUS_vs_GeraStim_p.adj	CntrUS_vs_CntrStim_significant	FarnStim_vs_CntrStim_significant	FarnStim_vs_CntrUS_significant	FarnStim_vs_GeraStim_significant	FarnStim_vs_GeraUS_significant	FarnUS_vs_CntrStim_significant	FarnUS_vs_CntrUS_significant	FarnUS_vs_FarnStim_significant	FarnUS_vs_GeraStim_significant	FarnUS_vs_GeraUS_significant	GeraStim_vs_CntrStim_significant	GeraStim_vs_CntrUS_significant	GeraUS_vs_CntrStim_significant	GeraUS_vs_CntrUS_significant	GeraUS_vs_GeraStim_significant	significant	CntrUS_vs_CntrStim_ratio	FarnStim_vs_CntrStim_ratio	FarnStim_vs_CntrUS_ratio	FarnStim_vs_GeraStim_ratio	FarnStim_vs_GeraUS_ratio	FarnUS_vs_CntrStim_ratio	FarnUS_vs_CntrUS_ratio	FarnUS_vs_FarnStim_ratio	FarnUS_vs_GeraStim_ratio	FarnUS_vs_GeraUS_ratio	GeraStim_vs_CntrStim_ratio	GeraStim_vs_CntrUS_ratio	GeraUS_vs_CntrStim_ratio	GeraUS_vs_CntrUS_ratio	GeraUS_vs_GeraStim_ratio	CntrStim_centered	CntrUS_centered	FarnStim_centered	FarnUS_centered	GeraStim_centered	GeraUS_centered
ADAM10	O14672	0.585827139586877	1.70256523272564e-10	5.3841945008632e-10	6.086202897713149e-11	1.53434946277851e-12	7.664244885077709e-11	2.3586955173323703e-10	0.697043426691493	1.34449647428977e-10	3.10524148204258e-12	1.20580940281688e-17	2.3218243634177602e-17	1.32422370300898e-18	2.42171762940725e-18	0.0607547762260902	0.921	9.08e-06	0.0013	0.00239	0.00126	0.00205	5.11e-08	0.902	0.0618	0.0017	3.13e-05	2.77e-05	4.64e-05	8.57e-07	0.744	False	True	True	True	True	True	True	False	False	True	True	True	True	True	False	True	0.0901	1.66	1.57	-1.74	-2.06	1.72	1.63	0.0643	-1.68	-2.0	3.4	3.31	3.72	3.63	0.32	-1.76	-1.67	-0.107	-0.0425	1.63	1.95
ADCY7	P51828	0.613827507312318	0.0068244537281417	0.0223698138598044	2.36285226856836e-07	4.8271131458109e-10	0.0565485824920189	0.149516142508347	0.353739949944479	2.43381276444849e-08	6.92887158969297e-11	2.9263677356954803e-10	8.630180130732371e-10	1.61729277578042e-12	4.05607179496234e-12	0.012007235264487	0.923	0.614	0.815	0.136	0.0335	0.844	0.803	0.858	0.251	0.0114	0.192	0.183	0.0993	0.0381	0.531	False	False	False	False	True	False	False	False	False	True	False	False	False	True	False	True	0.0993	0.572	0.472	-1.35	-1.88	0.388	0.289	-0.184	-1.53	-2.06	1.92	1.82	2.45	2.35	0.525	-0.905	-0.805	-0.333	-0.516	1.02	1.54
ARL6IP1	Q15041	0.0014943319140641	1.10796448223632e-08	8.10981245191821e-05	6.51394000791923e-07	1.5317790145372e-07	1.22863798302104e-08	9.12602011935067e-05	0.964561623522265	5.82009909269459e-07	1.37285005522206e-07	4.294521031652e-14	2.0606358965181398e-11	1.7421275704258802e-14	6.83294704450873e-12	0.564400167782033	0.413	0.000745	0.383	0.182	0.211	0.0366	0.0669	0.919	0.469	0.244	0.00967	0.0716	0.0204	0.0466	0.91	False	True	False	False	False	True	False	False	False	False	True	False	True	True	False	True	1.15	2.66	1.51	-2.11	-2.3	2.64	1.49	-0.0145	-2.13	-2.31	4.77	3.62	4.96	3.81	0.189	-2.7	-1.55	-0.0383	-0.0528	2.07	2.26
ARL6IP6	Q8N6S5	0.0122586319688047	0.390424307420292	0.0014416913648742	4.90593772543835e-13	9.94835023429331e-14	0.490274805815789	0.0022373786747297	0.863472168217364	3.65401276489548e-13	7.524560132109321e-14	1.1472197833152e-13	1.9547476427881304e-15	2.50750393493445e-14	5.20402045881901e-16	0.345198341422433	0.667	0.891	0.644	3.78e-05	0.00018	0.907	0.292	0.913	0.0035	7.55e-05	0.0147	0.000932	0.024	0.000252	0.884	False	False	False	True	True	False	False	False	True	True	True	True	True	True	False	True	-0.747	0.242	0.989	-3.68	-3.95	0.194	0.941	-0.0482	-3.73	-4.0	3.92	4.67	4.19	4.94	0.267	-1.3	-2.05	-1.06	-1.11	2.62	2.89
ATP11B	Q9Y2G3	0.110494973933136	3.0176096796551e-11	8.90169885189052e-10	7.01952909705441e-14	4.00752139208867e-14	3.24400745691923e-12	7.5739725472995e-11	0.24615285517209	4.97336547411833e-13	2.73323126228557e-13	8.262043327979531e-20	4.3611752903283e-19	5.85819622005657e-20	3.02561467286075e-19	0.725823823565976	0.845	8.93e-07	0.00184	3.85e-06	7.12e-05	0.000158	6.44e-09	0.829	0.00407	0.000259	4.74e-08	2.61e-07	1.29e-06	4.15e-08	0.922	False	True	True	True	True	True	True	False	True	True	True	True	True	True	False	True	0.418	2.78	2.37	-3.65	-3.74	3.08	2.67	0.3	-3.35	-3.44	6.44	6.02	6.53	6.11	0.0896	-3.21	-2.79	-0.424	-0.124	3.23	3.32
ATP1B3	P54709	0.936201194617604	1.81585460783288e-08	2.19303962887894e-08	3.40200340129052e-10	1.07326151583097e-08	0.0006986347683103	0.0008606122988134	0.0003091429879686	1.51670751355746e-13	2.24250640403967e-12	5.04486466670778e-16	5.62447628096425e-16	4.5264454474597e-15	5.091159161971261e-15	0.128182308305053	0.937	0.00116	0.0147	0.00699	0.104	0.623	0.197	0.0904	0.00221	0.00135	0.000707	0.000423	0.0114	0.00107	0.815	False	True	True	True	False	False	False	False	True	True	True	True	True	True	False	True	0.0113	1.12	1.11	-1.37	-1.15	0.537	0.526	-0.581	-1.95	-1.73	2.49	2.48	2.27	2.26	-0.219	-1.07	-1.06	0.0478	-0.533	1.42	1.2
BAG6	P46379	0.000753570572039	2.4477178960817e-06	3.24255949183983e-10	3.28033834059934e-05	0.0059725454452792	7.94053751999004e-05	5.9119672513133806e-09	0.194037582824673	1.03912232170047e-06	0.0001999160009642	2.90241933617126e-11	3.7299732458864403e-14	1.8973917894227703e-09	1.05163205119956e-12	0.0537930079130177	0.34	0.0363	0.000902	0.463	0.817	0.457	8.08e-06	0.808	0.511	0.775	0.107	0.00525	0.378	0.0215	0.731	False	True	True	False	False	False	True	False	False	False	False	True	False	True	False	True	-0.451	0.711	1.16	-0.593	-0.354	0.553	1.0	-0.158	-0.75	-0.512	1.3	1.76	1.06	1.52	-0.239	-0.53	-0.982	0.181	0.023	0.773	0.535
BAX	Q07812	0.0303093763094447	6.660717367924431e-09	1.70236279663624e-06	2.42638051011879e-05	6.42726898602769e-08	1.99089230582729e-09	4.35472325801996e-07	0.59378055772706	0.0001004123111026	2.3919177602555e-07	2.91558543118194e-13	1.7685818060743e-11	7.292587303179891e-15	2.66361117520087e-13	0.0269313464905796	0.753	0.00047	0.117	0.437	0.17	0.0159	0.0013	0.892	0.764	0.287	0.0219	0.0685	0.0141	0.0112	0.646	False	True	False	False	False	True	True	False	False	False	True	False	True	True	False	True	0.509	1.88	1.37	-1.14	-1.66	2.0	1.49	0.12	-1.02	-1.54	3.01	2.51	3.54	3.03	0.521	-1.82	-1.31	0.0538	0.174	1.19	1.71
C18orf32	Q8TCD1	0.0914416256807298	9.65515795822255e-18	8.04556565573448e-17	0.683624204163078	0.364444360487609	3.94717292374945e-17	3.69215856782246e-16	0.249016093260632	0.123670721412525	0.0454123842715447	6.00133882785702e-18	4.81524672710111e-17	3.36578742783779e-18	2.58125994832665e-17	0.613654783360052	0.834	4.64e-14	7.23e-14	0.937	0.917	3.24e-12	3.41e-14	0.83	0.927	0.925	1.51e-05	5.25e-05	0.000107	1.48e-05	0.914	False	True	True	False	False	True	True	False	False	False	True	True	True	True	False	True	0.523	6.26	5.74	-0.123	-0.275	5.91	5.38	-0.352	-0.475	-0.627	6.38	5.86	6.53	6.01	0.152	-4.27	-3.74	1.99	1.64	2.11	2.27
CANX	P27824	0.48403212207817	0.0028954327009358	0.000472175015609	4.8947667795033395e-11	2.0742092540464798e-12	0.0058036405371078	0.0009803210342187	0.779745500346886	2.8136602912621797e-11	1.2567125154843199e-12	1.3296307449827e-13	4.26886896155454e-14	9.660020477470861e-15	3.4168818882025e-15	0.104699423709067	0.914	0.523	0.549	0.00207	0.0015	0.749	0.208	0.908	0.035	0.000899	0.0156	0.00561	0.0158	0.000832	0.797	False	False	False	True	True	False	False	False	True	True	True	True	True	True	False	True	-0.0613	0.284	0.345	-0.929	-1.07	0.259	0.321	-0.0244	-0.953	-1.1	1.21	1.27	1.36	1.42	0.145	-0.509	-0.57	-0.225	-0.249	0.704	0.849
CD38	P28907	0.724679115237599	6.35742037874451e-10	3.00033376064246e-10	4.19904394430313e-05	0.0006938002039093	2.27956586223926e-08	9.98268252504752e-09	0.121688497310854	6.71499174163269e-07	1.04782849727638e-05	7.15986894771495e-14	4.07621203711529e-14	4.17065712923165e-13	2.2941878821106e-13	0.294172973951932	0.929	4.27e-05	0.00085	0.484	0.732	0.0478	1.62e-05	0.762	0.48	0.6	0.0121	0.00548	0.0677	0.0104	0.875	False	True	True	False	False	True	True	False	False	False	True	True	False	True	False	True	-0.0834	2.23	2.31	-1.15	-0.903	1.85	1.94	-0.375	-1.53	-1.28	3.38	3.47	3.13	3.22	-0.251	-1.75	-1.84	0.477	0.102	1.63	1.38
CD3D	P04234	0.0023589718574045	2.18900796022279e-08	0.0001091051147922	1.11962279824524e-06	6.8783526638555e-13	4.0164651125904796e-11	6.20505144474909e-08	0.0069616448860488	0.0022659405877123	1.71306895095178e-10	9.63827128424253e-14	3.89212976475357e-11	9.465245954600189e-18	6.50900701766748e-16	3.77063804815284e-07	0.471	0.00136	0.411	0.211	0.000747	0.00135	0.00016	0.358	0.859	0.0179	0.0138	0.0858	0.000281	0.000291	0.000855	False	True	False	False	True	True	True	False	False	True	True	False	True	True	True	True	0.47	1.1	0.635	-0.881	-1.82	1.51	1.04	0.409	-0.472	-1.41	1.99	1.52	2.93	2.46	0.941	-1.33	-0.864	-0.228	0.18	0.652	1.59
CD44	P16070	0.0040082256254265	7.39461344795115e-08	7.07974072030669e-11	7.67936201423046e-11	0.0046012163712294	0.113794069618762	5.86101692046479e-05	4.44550586102407e-06	4.09754720545308e-15	2.4975150058898204e-09	4.21759648570555e-16	8.3349978488845e-18	7.922084727574759e-11	2.45935673555725e-13	7.12351420942619e-08	0.538	0.00362	0.000244	0.00278	0.808	0.867	0.0519	0.0044	0.0001	0.0585	0.000647	1.05e-05	0.237	0.0108	0.000128	False	True	True	True	False	False	False	True	True	False	True	True	False	True	True	True	-0.614	1.44	2.06	-2.05	-0.604	0.318	0.933	-1.12	-3.17	-1.73	3.49	4.11	2.05	2.66	-1.45	-1.11	-1.73	0.329	-0.796	2.38	0.932
CD47	Q08722	0.0062757324866267	0.0001889973937977	0.180853472257983	1.86976586453943e-10	8.40461647802397e-12	5.98472346285352e-05	0.0815365168867326	0.665513009139604	4.65350960310388e-10	1.9249189301226798e-11	7.020223973271721e-14	1.23798022711607e-11	6.24174273850191e-15	7.10238694434731e-13	0.126028526860756	0.592	0.233	0.894	0.00477	0.0038	0.434	0.75	0.899	0.0903	0.00551	0.012	0.0615	0.0132	0.018	0.814	False	False	False	True	True	False	False	False	False	True	True	False	True	True	False	True	1.13	1.65	0.522	-3.83	-4.43	1.82	0.688	0.166	-3.67	-4.27	5.48	4.35	6.08	4.95	0.6	-2.69	-1.56	-1.04	-0.877	2.79	3.39
CD5	P06127	6.20171545671499e-06	6.01134551420447e-06	0.99050603816601	1.2458362247945901e-09	6.43599751452228e-12	4.33453314072843e-09	0.0061425448316667	0.0063235422367132	1.40886527071056e-06	2.69175544818581e-09	3.6283541383299995e-14	1.21375201388789e-09	7.92316624886713e-16	6.29423390565316e-12	0.0144860974612191	0.0555	0.0589	0.939	0.0144	0.00323	0.0229	0.427	0.347	0.532	0.0602	0.00891	0.196	0.00497	0.0452	0.559	False	False	False	True	True	True	False	False	False	False	True	False	True	True	False	True	0.881	0.883	0.00187	-1.43	-1.84	1.35	0.465	0.463	-0.971	-1.38	2.32	1.44	2.73	1.84	0.409	-1.36	-0.478	-0.476	-0.0127	0.958	1.37
CD63	P08962	0.905912221765237	6.64244933851792e-16	7.81327929175362e-16	5.3135124099049e-13	1.6862916459555e-08	5.34779464330709e-11	6.780502441883059e-11	2.62427948472681e-07	2.6916878278120003e-17	3.22567150519391e-14	6.82221986983717e-22	7.52085538069751e-22	6.786484657942981e-20	7.620469703445711e-20	2.13135967170324e-05	0.936	4.64e-14	4.28e-12	4.08e-05	0.12	0.00164	5.19e-09	0.000264	1.71e-07	3.38e-05	8.48e-12	1.38e-12	1.41e-06	5.53e-09	0.0273	False	True	True	True	False	True	True	True	True	True	True	True	True	True	True	True	0.029	4.28	4.25	-3.21	-1.96	2.61	2.58	-1.68	-4.89	-3.63	7.5	7.47	6.24	6.21	-1.26	-3.44	-3.41	0.841	-0.837	4.06	2.8
CD81	P60033	0.405883656158986	1.02938918826852e-12	4.6746579458421595e-12	1.78301333567873e-06	4.61889368209314e-05	2.6081793393794297e-11	1.3997173478535e-10	0.0908814964934438	2.39212683714693e-08	4.97247594075415e-07	1.1125405668549199e-16	3.32927724328821e-16	5.72934728370876e-16	1.83437594263039e-15	0.22204328951652	0.908	2.86e-09	1.28e-05	0.236	0.58	0.000984	2.05e-08	0.728	0.25	0.348	0.000261	0.000297	0.00426	0.000564	0.857	False	True	True	False	False	True	True	False	False	False	True	True	True	True	False	True	0.287	4.36	4.07	-2.08	-1.66	3.77	3.48	-0.597	-2.68	-2.26	6.45	6.16	6.02	5.73	-0.425	-3.48	-3.19	0.881	0.285	2.97	2.54
CD82	P27701	3.43203447583143e-05	4.56288958088235e-13	2.6311767385354e-16	0.0002085879039827	0.951371462720112	2.06016378893647e-07	4.67096028198922e-12	1.13289124417304e-06	6.39780133203664e-11	1.32465826862668e-06	6.57123165630694e-16	1.5305762827983399e-18	5.06757731102711e-13	2.85290809793694e-16	0.000177471942272	0.118	5.84e-10	2.69e-13	0.612	0.935	0.11	1.48e-11	0.00123	0.0473	0.432	0.000797	1.28e-06	0.0717	0.00017	0.0972	False	True	True	False	False	False	True	True	True	False	True	True	False	True	False	True	-1.91	5.08	6.98	-1.64	0.0235	2.67	4.57	-2.41	-4.05	-2.38	6.72	8.63	5.05	6.96	-1.67	-2.93	-4.84	2.14	-0.267	3.78	2.12
CD97	P48960	0.587314934582913	0.0001650526898838	0.0006923741394086	1.4052656075272e-07	4.1095983684175e-09	2.87823886417206e-05	0.0001221742821818	0.512525219950371	7.29379456859381e-07	1.87735636763057e-08	1.0605385009836001e-11	3.03903008125343e-11	7.000302867689009e-13	1.83418520900382e-12	0.143799154173386	0.921	0.223	0.583	0.115	0.0766	0.385	0.0784	0.883	0.486	0.122	0.0817	0.0802	0.0783	0.0272	0.824	False	False	False	False	False	False	False	False	False	False	False	False	False	True	False	True	0.113	0.909	0.795	-1.48	-1.79	1.05	0.932	0.137	-1.34	-1.65	2.38	2.27	2.7	2.58	0.311	-1.19	-1.08	-0.283	-0.146	1.19	1.5
CDC42	P60953	0.143315167874817	5.92505677531321e-06	0.0003098659369012	5.852322801088471e-09	1.77672172894153e-10	3.72983119096847e-08	1.53588203260242e-06	0.0523119627066584	7.66129955083119e-07	1.51538536291076e-08	1.09023753670461e-13	1.4000487623702199e-12	8.839216120680662e-15	9.13133296110909e-14	0.117554286243538	0.86	0.0585	0.51	0.033	0.0215	0.0583	0.00393	0.658	0.489	0.113	0.0145	0.0274	0.0152	0.00654	0.808	False	False	False	True	True	False	True	False	False	False	True	True	True	True	False	True	0.521	1.96	1.44	-2.94	-3.5	2.66	2.14	0.703	-2.24	-2.79	4.9	4.38	5.46	4.93	0.559	-2.58	-2.06	-0.624	0.0792	2.31	2.87
CERS5	Q8N5B7	0.627103706365656	3.05224383422288e-06	1.09202535907579e-05	1.37183001729089e-08	1.25495842222594e-08	1.24177694647933e-05	4.50991204584611e-05	0.593219099742789	4.0015414101514e-09	3.6707646490389903e-09	1.31534776768279e-13	2.96543397827597e-13	1.23532544017341e-13	2.78016730942646e-13	0.969562949685375	0.924	0.0412	0.22	0.0482	0.109	0.329	0.0444	0.892	0.168	0.067	0.0155	0.0138	0.0447	0.0114	0.934	False	True	False	True	False	False	True	False	False	False	True	True	True	True	False	True	0.136	1.64	1.5	-2.25	-2.26	1.49	1.35	-0.149	-2.4	-2.41	3.88	3.75	3.9	3.76	0.0106	-1.84	-1.7	-0.203	-0.352	2.04	2.05
CLDND1	Q9NY35	0.0140424263436947	2.9324483618533e-08	2.1775977609195e-05	1.4220443572969699e-12	1.3054103477051998e-12	7.310645690512291e-09	4.56380141105457e-06	0.55405255515073	4.17651203571573e-12	3.82227967030867e-12	1.7883236712545902e-17	4.99293468910786e-16	1.68804828625722e-17	4.6783750053929695e-16	0.961666391043858	0.681	0.00172	0.268	0.000114	0.00113	0.0291	0.00982	0.888	0.014	0.00194	4.63e-05	0.000393	0.000459	0.000237	0.933	False	True	False	True	True	True	True	False	True	True	True	True	True	True	False	True	0.805	2.39	1.58	-3.87	-3.88	2.57	1.76	0.183	-3.69	-3.7	6.25	5.45	6.27	5.46	0.0148	-3.05	-2.24	-0.661	-0.478	3.21	3.22
CLTCL1	P53675	0.590581783251222	0.0462845610675714	0.133635900205663	1.87760943248161e-18	4.740284146323761e-19	0.0429546180348678	0.125296784175602	0.971832286859739	1.9524806825448e-18	4.91975222909536e-19	2.0760671470266602e-19	3.6199791469061e-19	5.824356158529351e-20	9.895773229630071e-20	0.209001242009335	0.922	0.777	0.884	1.35e-13	3.12e-13	0.834	0.789	0.919	2.55e-09	9.65e-14	1.77e-07	2.18e-07	1.28e-06	7.46e-09	0.852	False	False	False	True	True	False	False	False	True	True	True	True	True	True	False	True	0.0993	0.382	0.282	-4.09	-4.33	0.388	0.289	0.0065	-4.08	-4.32	4.47	4.37	4.71	4.61	0.235	-1.67	-1.58	-1.29	-1.29	2.8	3.03
CNP	P09543	0.759748532277863	1.0169984444558e-05	2.28298186365485e-05	3.1133725342318e-11	4.3621348287988e-13	5.22005656348117e-08	1.09870353039408e-07	0.0455847114534364	2.45060941091455e-09	1.93735626634463e-11	3.3570063725516905e-15	5.251354915264191e-15	1.39219414938288e-16	2.07516989315537e-16	0.0269399851982271	0.93	0.0752	0.271	0.00149	0.000581	0.066	0.000306	0.638	0.147	0.00553	0.00233	0.00167	0.00182	0.000133	0.646	False	False	False	True	True	False	True	False	False	True	True	True	True	True	False	True	0.0705	1.25	1.18	-2.51	-3.04	1.73	1.66	0.479	-2.03	-2.56	3.76	3.69	4.29	4.22	0.535	-1.85	-1.78	-0.602	-0.122	1.91	2.44
COMT	P21964	0.241850965466722	3.13731144781084e-10	4.20255703588384e-09	5.92360581970324e-09	2.14005622383698e-08	7.51538435317756e-09	1.26609488834629e-07	0.157765014648111	2.52247064210283e-10	8.19237520431789e-10	2.51016756932156e-16	1.2616560385450502e-15	5.26404150948326e-16	2.76606905706628e-15	0.581666982185344	0.886	1.91e-05	0.0052	0.0332	0.128	0.0295	0.000357	0.789	0.0759	0.0371	0.000477	0.000723	0.00408	0.000725	0.912	False	True	True	True	False	True	True	False	False	True	True	True	True	True	False	True	0.169	1.39	1.22	-1.2	-1.12	1.19	1.02	-0.205	-1.41	-1.33	2.59	2.42	2.51	2.34	-0.0788	-1.31	-1.14	0.0827	-0.123	1.28	1.2
CXCR3	P49682	0.735203891520914	0.212999892346576	0.358437307298499	0.0001202549745446	8.336884485048539e-13	0.0004962642612886	0.0011985696479359	0.0119511154565141	0.0806064639737041	1.34891055451656e-10	4.25019745955822e-06	1.03272351514096e-05	9.835640331549921e-14	1.7173001704518e-13	6.7769628443038505e-09	0.929	0.864	0.913	0.57	0.000854	0.599	0.226	0.43	0.922	0.0158	0.693	0.624	0.0413	0.00911	5.56e-06	False	False	False	False	True	False	False	False	False	True	False	False	True	True	True	True	0.0993	0.371	0.272	-1.31	-3.77	1.16	1.06	0.786	-0.528	-2.98	1.68	1.59	4.14	4.04	2.45	-1.24	-1.14	-0.87	-0.0848	0.443	2.9
CYB561A3	Q8NBI2	0.439382329134592	0.0001224240253048	1.55424376607953e-05	1.43108698719746e-09	1.89509447188477e-09	9.94453019513949e-05	1.26402653706808e-05	0.937610242443741	1.70097344459951e-09	2.25549168499512e-09	2.57048843774461e-13	7.13296405891687e-14	3.1863766001103e-13	8.761384630085751e-14	0.898912856571886	0.911	0.202	0.244	0.0155	0.0585	0.476	0.0206	0.918	0.132	0.0564	0.0207	0.00708	0.0623	0.00639	0.931	False	False	False	True	False	False	True	False	False	False	True	True	False	True	False	True	-0.253	1.45	1.7	-2.94	-2.9	1.48	1.73	0.0254	-2.91	-2.87	4.39	4.64	4.35	4.6	-0.0413	-1.9	-2.16	-0.451	-0.425	2.49	2.45
CYB5B	O43169	0.711517798911397	3.7475763679159996e-14	6.76141798098393e-14	0.036836164956431	0.0197604846018765	8.171744838100361e-14	1.4982780088658e-13	0.62662203522126	0.0994035598104101	0.0569552536326192	1.45284641313449e-12	2.83350770208826e-12	2.4079310129068998e-12	4.7490350650186096e-12	0.779003347339977	0.928	2.27e-12	3.73e-08	0.869	0.852	2.99e-06	3.41e-14	0.895	0.925	0.928	0.0433	0.036	0.11	0.0406	0.925	False	True	True	False	False	True	True	False	False	False	True	True	False	True	False	True	0.112	4.44	4.33	0.659	0.744	4.3	4.18	-0.147	0.511	0.596	3.78	3.67	3.7	3.59	-0.0849	-2.72	-2.61	1.72	1.57	1.06	0.977
CYB5R3	P00387	0.463516785978608	0.0001941814565408	2.74445642746246e-05	4.2455391965246896e-12	5.11109762435362e-12	0.0007583377947212	0.0001085913154929	0.605495984577338	1.6546245826053699e-12	1.98083118130412e-12	3.7035682554940706e-15	1.2924812320218501e-15	4.28614650058625e-15	1.48781412821826e-15	0.920253044133162	0.913	0.235	0.284	0.000299	0.00279	0.629	0.0736	0.893	0.00839	0.00124	0.00247	0.000734	0.0111	0.000498	0.932	False	False	False	True	True	False	False	False	True	True	True	True	True	True	False	True	-0.0891	0.52	0.609	-1.44	-1.43	0.457	0.546	-0.0626	-1.51	-1.49	1.96	2.05	1.95	2.04	-0.0121	-0.8	-0.889	-0.28	-0.343	1.16	1.15
DHCR24	Q15392	0.157459537304502	1.00333172034742e-08	4.07929798094915e-10	0.0002791427886801	0.0149788441522385	0.000155435264648	3.44482377316559e-06	0.0007092879029392	1.68087217520772e-08	8.06682880011242e-07	1.98436349306227e-12	1.63950069779191e-13	3.9306794984869893e-11	2.54625564430448e-12	0.122872546490221	0.865	0.00068	0.00107	0.633	0.845	0.511	0.0078	0.141	0.232	0.389	0.0487	0.0106	0.208	0.0314	0.811	False	True	True	False	False	False	True	False	False	False	True	True	False	True	False	True	-0.357	2.03	2.39	-1.03	-0.64	1.09	1.44	-0.944	-1.98	-1.58	3.06	3.42	2.67	3.03	-0.392	-1.42	-1.77	0.615	-0.329	1.65	1.25
DNAJC1	Q96KC8	0.0064577229733747	6.71397352490487e-05	3.71061369102065e-08	8.16610721167155e-06	0.0004430223194491	0.0028006101670003	1.28207239854081e-06	0.161688495687286	2.10866208413309e-07	1.01218358547539e-05	1.26015192280941e-10	5.03830013497759e-13	3.2324620661412303e-09	7.62272389813841e-12	0.139888521698899	0.596	0.162	0.0197	0.343	0.711	0.71	0.0034	0.791	0.394	0.597	0.16	0.0178	0.41	0.0485	0.822	False	False	True	False	False	False	True	False	False	False	False	True	False	True	False	True	-0.86	1.38	2.24	-1.61	-1.17	0.958	1.82	-0.418	-2.03	-1.59	2.99	3.85	2.54	3.4	-0.442	-1.17	-2.03	0.209	-0.209	1.82	1.38
DNAJC5	Q9H3Z4	0.284560653809678	9.96334681815102e-10	1.01621361469257e-10	0.0002471802861464	0.0008531191924492	1.37128112142544e-08	1.1840989483549e-09	0.25165727021833	1.13714999316859e-05	3.96605037570721e-05	3.04270894715816e-13	5.13725090728242e-14	6.84201253140473e-13	1.10117972201217e-13	0.637713210266167	0.893	6.89e-05	0.00034	0.624	0.742	0.0384	7.18e-07	0.831	0.662	0.69	0.0222	0.00613	0.0778	0.00725	0.916	False	True	True	False	False	True	True	False	False	False	True	True	False	True	False	True	-0.59	5.03	5.62	-2.3	-2.04	4.39	4.98	-0.634	-2.93	-2.67	7.32	7.91	7.07	7.66	-0.257	-3.87	-4.46	1.16	0.524	3.45	3.2
DPAGT1	Q9H3H5	0.0484522947902926	2.9574129173124695e-11	2.1669178194974903e-09	1.66803273652698e-07	8.61310515232306e-07	7.15389081056619e-06	0.0015941107997016	1.13353293987507e-05	1.86146799626322e-12	6.171787907697729e-12	3.46303364767168e-16	6.2188867763225e-15	8.41850992222127e-16	1.66590942287271e-14	0.515165683838058	0.79	8.69e-07	0.00335	0.122	0.299	0.292	0.252	0.00954	0.00895	0.00269	0.000581	0.00183	0.0051	0.00232	0.906	False	True	True	False	False	False	False	True	True	True	True	True	True	True	False	True	0.571	3.04	2.47	-1.95	-1.77	1.54	0.972	-1.49	-3.44	-3.26	4.99	4.42	4.81	4.23	-0.182	-2.49	-1.92	0.546	-0.948	2.5	2.32
EBP	Q15125	0.0002852077213516	4.78657769161403e-09	0.0001659017647735	5.77684375603206e-07	6.11599097300551e-08	4.77163843601048e-09	0.0001652983071374	0.998903347201597	5.79698374207434e-07	6.13636805825667e-08	2.24998646858779e-14	3.1823147237210695e-11	5.7074570669091006e-15	5.60387851175076e-12	0.368522673914596	0.256	0.00035	0.451	0.176	0.168	0.0239	0.0917	0.921	0.469	0.187	0.00695	0.0812	0.0127	0.0433	0.888	False	True	False	False	False	True	False	False	False	False	True	False	True	True	False	True	1.09	2.22	1.14	-1.7	-1.94	2.22	1.14	0.000359	-1.7	-1.94	3.93	2.84	4.17	3.08	0.237	-2.27	-1.19	-0.0469	-0.0466	1.66	1.89
EMP3	P54852	0.0011149397483944	1.8140405643696e-09	1.32379993026387e-05	7.48465703337455e-08	3.4179169755903e-09	2.3433970906844e-09	1.79447693357308e-05	0.908352551976258	5.66244201770602e-08	2.63894677692177e-09	3.4242524131268304e-15	1.15374529993823e-12	5.385036417235201e-16	1.22042418657728e-13	0.195136331902176	0.379	0.000132	0.233	0.093	0.0721	0.0172	0.0258	0.916	0.298	0.0597	0.00236	0.0254	0.00412	0.00766	0.848	False	True	False	False	False	True	True	False	False	False	True	True	True	True	False	True	1.42	3.51	2.08	-2.88	-3.39	3.46	2.04	-0.0451	-2.92	-3.44	6.38	4.96	6.9	5.48	0.516	-3.61	-2.19	-0.107	-0.152	2.77	3.29
EPHX2	P34913	0.0595030586756884	4.32477312765242e-11	2.66776060457532e-09	3.84560219777349e-07	4.35719880938506e-07	9.62953434477156e-12	4.91049225495415e-10	0.441840425646959	2.77775151141302e-06	3.15998225398406e-06	7.07599455719586e-16	1.1813949745319e-14	7.57546563108019e-16	1.27383039849988e-14	0.960412767655462	0.805	1.45e-06	0.00388	0.156	0.262	0.000431	1.72e-07	0.874	0.578	0.505	0.000821	0.00277	0.00487	0.00198	0.933	False	True	True	False	False	True	True	False	False	False	True	True	True	True	False	True	0.551	3.02	2.47	-1.88	-1.87	3.24	2.69	0.218	-1.67	-1.65	4.91	4.36	4.89	4.34	-0.014	-2.77	-2.22	0.254	0.472	2.14	2.12
F11R	Q9Y624	0.0061320678572986	9.9434029701117e-09	1.61178277209313e-05	9.43533144549113e-10	1.25743433639923e-11	8.32964021861409e-09	1.31661778368598e-05	0.938957112934212	1.1151108646609801e-09	1.4563013101085e-11	6.78690982709423e-16	5.37314002293512e-14	4.3066696957723e-17	2.2024107828196903e-15	0.0423700312020379	0.59	0.000675	0.247	0.0123	0.00492	0.0309	0.0212	0.918	0.115	0.00467	0.000807	0.00626	0.000888	0.000622	0.703	False	True	False	True	True	True	True	False	False	True	True	True	True	True	False	True	0.647	1.79	1.15	-2.02	-2.48	1.81	1.16	0.0168	-2.0	-2.47	3.81	3.17	4.28	3.63	0.463	-2.06	-1.41	-0.264	-0.247	1.76	2.22
FAM134A	Q8NC44	0.827684376176363	5.22544778693871e-06	2.96202450581341e-06	1.73923116051872e-08	8.71583895028199e-10	0.0015538245420056	0.0008854255633556	0.0383742135231969	1.48128782582726e-10	1.07360043133366e-11	2.19210804139535e-13	1.52536198993921e-13	2.58186476742893e-14	1.84288516771968e-14	0.192843591083251	0.933	0.055	0.144	0.0535	0.0428	0.675	0.2	0.613	0.0639	0.00385	0.0194	0.0102	0.0243	0.00246	0.847	False	False	False	False	True	False	False	False	False	True	True	True	True	True	False	True	-0.0645	1.68	1.74	-2.36	-2.75	1.04	1.1	-0.641	-3.0	-3.39	4.04	4.1	4.43	4.49	0.392	-1.85	-1.92	-0.174	-0.815	2.18	2.58
GBP2	P32456	0.0089846277402883	0.0011677528215592	7.57657310286872e-07	7.1246905042864195e-12	4.93157249416274e-09	0.145199972295547	0.0002007678431777	0.0413272160758984	1.66645450973212e-13	5.25447021973785e-11	1.55652732805228e-14	2.88218180293736e-16	3.0558105688733798e-12	2.71143021509366e-14	0.0037299517197903	0.633	0.421	0.0838	0.000451	0.0814	0.874	0.102	0.624	0.00234	0.00984	0.00568	0.000266	0.117	0.00314	0.353	False	False	False	True	False	False	False	False	True	True	True	True	False	True	False	True	-0.714	0.922	1.64	-2.97	-2.17	0.379	1.09	-0.542	-3.51	-2.71	3.89	4.61	3.09	3.8	-0.805	-1.26	-1.98	-0.34	-0.882	2.63	1.83
GBP5	Q96PP8	0.269181161385272	0.004759659953792	0.0608846839411033	3.86065972155207e-10	3.77495610264765e-12	1.95465918308481e-05	0.0003791282417521	0.0433480546437836	4.50778195464393e-08	2.34721732268155e-10	1.03338823230088e-12	7.94442894030655e-12	2.16171212862448e-14	1.28795389301785e-13	0.0259331741945026	0.89	0.577	0.857	0.00752	0.00229	0.359	0.139	0.631	0.285	0.0211	0.0378	0.0531	0.0225	0.00788	0.641	False	False	False	True	True	False	False	False	False	True	True	False	True	True	False	True	0.346	0.946	0.6	-2.99	-3.71	1.6	1.25	0.651	-2.34	-3.06	3.93	3.59	4.66	4.31	0.724	-1.91	-1.57	-0.967	-0.316	2.02	2.74
GDE1	Q9NZC3	0.752307291046323	0.0011239011534488	0.0025223693142725	1.71135184330655e-08	7.310473405516021e-09	0.0427884574271771	0.0816431653037901	0.137301571083311	5.64284641470279e-10	2.59632662516416e-10	8.07334346731154e-12	1.47329962072182e-11	4.07903115988188e-12	7.347157371850289e-12	0.714755779223434	0.93	0.417	0.686	0.0531	0.0927	0.834	0.75	0.774	0.0948	0.0221	0.0761	0.0649	0.125	0.0478	0.921	False	False	False	False	False	False	False	False	False	True	False	False	False	True	False	True	0.0993	1.14	1.04	-2.5	-2.62	0.663	0.564	-0.477	-2.98	-3.1	3.64	3.54	3.76	3.66	0.115	-1.55	-1.45	-0.41	-0.887	2.09	2.21
GHITM	Q9H3K2	3.76162364757287e-07	5.22005453031882e-16	2.8337739546518098e-11	3.62295503729281e-08	1.12916728030829e-06	6.41323394446026e-14	3.34214044838605e-08	0.0028916433382406	3.0281007031964796e-11	5.21668561824116e-10	7.83143819475835e-20	1.47176477563539e-16	3.17711215645061e-19	9.45911014904952e-16	0.173188561315744	0.00934	4.64e-14	0.0001	0.0718	0.314	2.22e-06	7.59e-05	0.261	0.036	0.0302	4.5e-08	0.000151	9.58e-06	0.000368	0.839	True	True	True	False	False	True	True	False	True	True	True	True	True	True	False	True	1.75	4.61	2.86	-2.0	-1.64	3.76	2.01	-0.852	-2.85	-2.49	6.61	4.86	6.25	4.5	-0.363	-3.83	-2.08	0.781	-0.0712	2.78	2.42
GNG2	P59768	0.190013149962595	1.52063880860453e-07	4.51905352328669e-06	5.2446520155292295e-11	4.80944698113816e-12	8.12905319102166e-10	1.64636222695565e-08	0.0312367478199934	6.615757852280251e-09	4.26456309008653e-10	4.85876656637859e-16	3.13897638412607e-15	9.509588572734161e-17	5.50921012064227e-16	0.22161464158558	0.874	0.00627	0.166	0.00217	0.00269	0.00979	3.12e-05	0.583	0.191	0.0278	0.000695	0.00122	0.00142	0.00026	0.857	False	True	False	True	True	True	True	False	False	True	True	True	True	True	False	True	0.351	1.86	1.51	-2.8	-3.13	2.45	2.1	0.595	-2.21	-2.53	4.66	4.31	4.99	4.63	0.327	-2.38	-2.03	-0.526	0.0687	2.27	2.6
GNG5	P63218	0.647325680967184	3.20719600093679e-10	8.555861228211621e-10	3.66316575518006e-08	4.44379264146352e-10	1.26005856130006e-12	2.87584831293681e-12	0.0077519636325602	5.41820452748232e-05	3.39164800951455e-07	7.272121640420859e-16	1.3749356534044202e-15	5.622193226087099e-17	1.00460050004091e-16	0.0595869112835554	0.925	1.96e-05	0.00179	0.0721	0.0324	6.38e-05	4.37e-12	0.371	0.739	0.316	0.00083	0.00076	0.00103	6.81e-05	0.742	False	True	True	False	True	True	True	False	False	False	True	True	True	True	False	True	0.144	3.06	2.91	-2.4	-3.01	3.95	3.81	0.897	-1.5	-2.11	5.45	5.31	6.07	5.92	0.612	-3.11	-2.97	-0.0554	0.842	2.34	2.95
HSD17B4	P51659	0.693668527402201	4.97992970984688e-16	8.54413613718017e-16	0.576089288348089	0.354400984269982	8.54444545463015e-14	1.63216275652891e-13	0.0016861129505401	0.0003922706880294	0.0165890206043131	2.35245120314327e-16	3.97833043242772e-16	1.81867318109161e-15	3.2014333983991703e-15	0.143360042032612	0.927	4.64e-14	5.23e-12	0.933	0.916	3.15e-06	3.41e-14	0.209	0.812	0.908	0.000457	0.000337	0.0073	0.000798	0.824	False	True	True	False	False	True	True	False	False	False	True	True	True	True	False	True	0.113	5.07	4.96	-0.161	0.268	4.07	3.96	-0.997	-1.16	-0.728	5.23	5.12	4.8	4.69	-0.429	-3.21	-3.1	1.86	0.858	2.02	1.59
ICAM2	P13598	0.001148831193718	0.0373805517289425	0.156025780816063	4.29114612013956e-08	3.0633760425685097e-16	2.46031544288053e-07	0.0030445650056883	6.94772856559557e-05	0.0072524555069237	3.52458204858531e-13	3.19248924060789e-10	1.57861252128616e-06	1.9510209162896202e-17	2.2569122932767103e-15	7.47429083817511e-11	0.382	0.762	0.889	0.0763	1.41e-07	0.117	0.331	0.0368	0.883	0.000317	0.196	0.532	0.000515	0.00063	2.2e-09	False	False	False	False	True	False	False	True	False	True	False	False	True	True	True	True	0.866	0.52	-0.346	-1.81	-4.31	1.64	0.775	1.12	-0.691	-3.19	2.33	1.47	4.83	3.96	2.5	-1.7	-0.832	-1.18	-0.0574	0.633	3.13
ICOS	Q9Y6W8	0.0034673080220039	3.08201257371791e-07	2.0583146192705302e-10	9.24084041829373e-05	0.0282073635296111	0.0901886710870166	3.62932239236735e-05	2.81694051910272e-05	4.31773968918544e-10	7.75213926357513e-08	1.2779192839918498e-11	4.90784948144018e-14	1.3664147686847801e-09	2.34252198768905e-12	0.0299217871400442	0.52	0.0102	0.000625	0.549	0.862	0.859	0.0388	0.0195	0.0885	0.203	0.0855	0.006	0.362	0.0303	0.66	False	True	True	False	False	False	True	True	False	False	False	True	False	True	False	True	-1.19	2.52	3.71	-1.7	-0.857	0.649	1.84	-1.87	-3.57	-2.73	4.22	5.41	3.38	4.56	-0.847	-1.6	-2.78	0.922	-0.948	2.63	1.78
ITGB1	P05556	0.310573096607043	1.06071884480582e-06	1.52917961792464e-05	1.15782832347034e-06	7.0474833565112e-09	4.00177809033525e-05	0.0006021365608749	0.173142319470825	3.70738486238652e-08	3.31038152268742e-10	1.44434049312207e-12	9.5023988662467e-12	4.2643537250309304e-14	2.26509230643558e-13	0.0441720513917182	0.897	0.0222	0.243	0.213	0.0916	0.406	0.171	0.798	0.273	0.0248	0.0432	0.0564	0.0302	0.0104	0.708	False	True	False	False	False	False	False	False	False	True	True	False	True	True	False	True	0.393	2.41	2.02	-2.39	-3.2	1.88	1.48	-0.532	-2.93	-3.73	4.8	4.41	5.61	5.21	0.803	-2.51	-2.12	-0.106	-0.638	2.29	3.09
ITGB2	P05107	1.57676338396079e-06	3.08752481334676e-13	8.54342952529873e-08	2.30099445921411e-12	1.20263308558072e-16	1.6724986590310802e-14	1.29317846226408e-09	0.0794409425707575	7.31832178521798e-11	1.3690954807860902e-15	5.2316077860771405e-20	4.26427303493429e-17	1.88001586669934e-22	3.7646179017193905e-20	6.58226594875783e-07	0.025	2.62e-10	0.0305	0.00018	3.29e-08	3.54e-07	8.2e-07	0.712	0.0494	5.8e-07	2.83e-08	4.76e-05	1.31e-10	1.82e-09	0.00145	False	True	True	True	True	True	True	False	True	True	True	True	True	True	False	True	0.545	1.19	0.649	-1.09	-1.67	1.36	0.81	0.161	-0.931	-1.51	2.29	1.74	2.86	2.32	0.576	-1.37	-0.828	-0.18	-0.0187	0.912	1.49
KDELR2	P33947	0.0144748093944659	3.01381138424771e-09	1.60517099750894e-06	0.0001264811888116	6.05908210780862e-06	2.7225074289378503e-09	1.42857476934687e-06	0.963865034318118	0.0001426407062853	6.82319689757446e-06	4.63949083517552e-13	5.75187948268549e-11	6.87243393525208e-14	6.2253761951006994e-12	0.25699407633806	0.684	0.000224	0.114	0.574	0.434	0.0185	0.00371	0.919	0.777	0.567	0.027	0.0948	0.0363	0.045	0.866	False	True	False	False	False	True	True	False	False	False	True	False	True	True	False	True	0.685	2.3	1.61	-1.18	-1.48	2.31	1.63	0.012	-1.16	-1.47	3.48	2.79	3.78	3.09	0.303	-2.09	-1.41	0.208	0.22	1.38	1.69
LAPTM5	Q13571	0.0806670087469202	4.35749482507483e-08	4.01143579695002e-06	2.58927589767969e-06	1.02548881070536e-07	8.6587942959697e-09	6.85667472641322e-07	0.494709270237541	1.56213118254423e-05	5.65958033351473e-07	2.66855292880915e-13	6.55137213457796e-12	3.32632927756281e-14	6.51454575822284e-13	0.207899499852681	0.826	0.00238	0.16	0.258	0.192	0.0314	0.00199	0.881	0.679	0.359	0.0211	0.0496	0.0272	0.0173	0.852	False	True	False	False	False	True	True	False	False	False	True	True	True	True	False	True	0.837	3.52	2.68	-2.76	-3.35	3.83	3.0	0.319	-2.44	-3.03	6.27	5.44	6.87	6.03	0.594	-3.55	-2.72	-0.0388	0.28	2.72	3.31
LITAF	Q99732	0.388544806431645	1.6762817705586898e-11	3.27299552352643e-12	0.0001179678203276	0.0114538356342392	4.15963513520112e-09	6.112430236247901e-10	0.0132820023057654	1.29104744324934e-07	1.26076489066943e-05	8.20867064191063e-15	2.3026132704598704e-15	1.36583977272014e-13	3.37387333565029e-14	0.0823316889594726	0.906	3.78e-07	8.39e-06	0.569	0.837	0.0224	2.48e-07	0.447	0.358	0.613	0.00398	0.00102	0.0465	0.00359	0.775	False	True	True	False	False	True	True	False	False	False	True	True	True	True	False	True	-0.25	3.23	3.48	-1.29	-0.777	2.47	2.72	-0.759	-2.05	-1.54	4.52	4.77	4.01	4.26	-0.516	-2.33	-2.58	0.9	0.141	2.19	1.68
LMF2	Q9BU23	0.0004705053368634	2.50951444573278e-13	4.60104582540548e-10	1.59431709822066e-08	7.695490225874391e-09	3.29994929942501e-13	6.51016912395392e-10	0.87138344587262	1.09251699029492e-08	5.30970322284734e-09	4.0989054219744e-18	5.67631297977513e-16	2.8750406304902498e-18	3.71611582671415e-16	0.75415568072908	0.296	1.71e-10	0.00117	0.0515	0.0942	1.6e-05	2.74e-07	0.914	0.213	0.0761	1.01e-05	0.000425	9.4e-05	0.000205	0.923	False	True	True	False	False	True	True	False	False	False	True	True	True	True	False	True	1.45	4.94	3.49	-2.91	-3.03	4.88	3.43	-0.0591	-2.97	-3.09	7.85	6.41	7.97	6.52	0.114	-4.51	-3.07	0.424	0.365	3.34	3.45
LPCAT3	Q6P1A2	0.0123712271822562	5.78656792287948e-07	0.0006241569143447	7.5398604533918e-11	9.68059978165531e-13	7.04359398135195e-07	0.000764093743092	0.938228971991976	6.448767733342319e-11	8.44846159819624e-13	1.3015032484521202e-15	7.138313477232161e-14	6.08406246672096e-17	2.15273321091622e-15	0.0278734687343381	0.668	0.0155	0.574	0.00275	0.000943	0.163	0.188	0.918	0.0475	0.000669	0.00124	0.00709	0.00108	0.000615	0.65	False	True	False	True	True	False	False	False	True	True	True	True	True	True	False	True	0.686	1.68	0.993	-2.69	-3.28	1.66	0.973	-0.02	-2.71	-3.3	4.37	3.68	4.96	4.28	0.594	-2.23	-1.54	-0.547	-0.567	2.14	2.74
MAGT1	Q9H0U3	0.0789208998212524	0.0002375428972426	0.0221555632138906	7.04383343673057e-10	4.1348413977820096e-11	0.0003415422698702	0.0300951171949456	0.890642917626406	5.24116324550086e-10	3.1506809294107294e-11	2.26584026648934e-13	5.57717154973858e-12	2.48214317360003e-14	4.80408467200636e-13	0.178628489385967	0.824	0.252	0.815	0.0104	0.00996	0.572	0.64	0.915	0.093	0.00736	0.0197	0.0467	0.0239	0.0149	0.841	False	False	False	True	True	False	False	False	False	True	True	True	True	True	False	True	0.561	1.31	0.746	-2.9	-3.32	1.26	0.703	-0.0425	-2.94	-3.37	4.21	3.65	4.63	4.07	0.424	-1.99	-1.43	-0.688	-0.731	2.21	2.64
MT-CYB	P00156	0.0562404576421854	7.18166398911592e-14	2.10702023107863e-12	0.0001012428483054	2.64215254838802e-05	2.2209929417468502e-14	5.6730868332583e-13	0.460273451287945	0.0007179966332206	0.0001896496992366	1.05167557564033e-16	1.5043621556645302e-15	5.54083644518269e-17	7.43911693050967e-16	0.613872460215241	0.801	1.02e-11	4.83e-06	0.556	0.542	5.1e-07	6.34e-14	0.876	0.83	0.773	0.000249	0.000798	0.00103	0.000318	0.914	False	True	True	False	False	True	True	False	False	False	True	True	True	True	False	True	0.569	4.11	3.54	-1.31	-1.45	4.32	3.75	0.213	-1.09	-1.24	5.41	4.84	5.56	4.99	0.145	-3.33	-2.76	0.779	0.992	2.08	2.23
NRM	Q8IXM6	0.680093332232846	3.27426649726402e-08	8.86998242396511e-08	1.89153542632025e-08	1.7184244500669701e-09	9.08425961768581e-09	2.38805022487944e-08	0.586283527155187	6.97587016482505e-08	5.8668110040850305e-09	9.38506744894634e-15	1.75833241143776e-14	2.0180268274413e-15	3.6571167422609e-15	0.298738491635434	0.927	0.00189	0.031	0.0554	0.0564	0.0321	5.03e-05	0.892	0.313	0.079	0.00429	0.00348	0.00769	0.000868	0.876	False	True	True	False	False	True	True	False	False	False	True	True	True	True	False	True	0.146	2.72	2.58	-2.81	-3.18	2.92	2.77	0.193	-2.61	-2.98	5.53	5.38	5.9	5.75	0.372	-2.87	-2.72	-0.146	0.0474	2.66	3.03
NSDHL	Q15738	0.0003284235079289	9.66177799541675e-05	3.4065092257470204e-09	5.10156234412804e-05	0.0017514283132279	0.345204514916563	0.0038245316303056	7.76014871527868e-06	9.803092798751959e-11	1.707882430078e-09	7.231482484766181e-10	2.84330671689757e-13	1.4929230374425e-08	3.02447361341081e-12	0.186082602100996	0.268	0.186	0.00456	0.5	0.772	0.898	0.362	0.00716	0.0552	0.0506	0.229	0.0136	0.5	0.0337	0.844	False	False	True	False	False	False	False	True	False	False	False	True	False	True	False	True	-0.819	0.911	1.73	-0.959	-0.69	-0.19	0.628	-1.1	-2.06	-1.79	1.87	2.69	1.6	2.42	-0.269	-0.562	-1.38	0.349	-0.752	1.31	1.04
PTPRCAP	Q14761	0.0090950492632618	1.38340432179446e-05	0.0180377390665472	1.05012280042113e-10	4.06232216433927e-13	1.70465466351603e-07	0.0002429937131947	0.0956833728472693	4.19359440830051e-09	8.8458830717065e-12	9.773823192385971e-15	9.18085017815911e-13	1.53464256356401e-16	7.48346713206934e-15	0.005908803988311	0.635	0.0858	0.805	0.0034	0.000556	0.103	0.112	0.735	0.171	0.00341	0.00438	0.0232	0.00192	0.0014	0.423	False	False	False	True	True	False	False	False	False	True	True	True	True	True	False	True	0.432	0.819	0.387	-1.59	-2.05	1.08	0.652	0.265	-1.33	-1.78	2.41	1.98	2.87	2.44	0.46	-1.27	-0.837	-0.45	-0.185	1.14	1.6
PTRH2	Q9Y3E5	0.0060250379860526	9.10055698067769e-07	8.22390736600523e-10	2.91321789589277e-08	0.0029689308201663	0.0026627876841857	1.13241007868584e-06	0.0048837096681272	3.82777941038482e-11	1.01617280667864e-06	1.02792186256844e-13	1.1715012205521401e-15	4.45502821759641e-10	1.38029758330457e-12	0.0001179882113418	0.588	0.0203	0.00175	0.0661	0.793	0.707	0.00307	0.316	0.0395	0.409	0.0141	0.000693	0.31	0.0242	0.0775	False	True	True	False	False	False	True	False	True	False	True	True	False	True	False	True	-0.393	0.841	1.23	-1.03	-0.431	0.437	0.83	-0.404	-1.43	-0.835	1.87	2.26	1.27	1.66	-0.595	-0.671	-1.06	0.17	-0.234	1.2	0.601
RAB11A	P62491	0.788991484875734	0.0399965949572271	0.0696921789130334	4.0927293571351e-17	2.05671722581712e-17	0.0011427654190864	0.0022697001278865	0.147013842483342	2.73013338696725e-16	1.3073342527127002e-16	3.25171366898285e-18	4.40733568677392e-18	1.7355127947283098e-18	2.33592891711676e-18	0.574935152848577	0.932	0.767	0.862	7.09e-12	1.48e-09	0.656	0.294	0.782	4.88e-06	1.25e-08	7.86e-06	4.93e-06	5.92e-05	8.25e-07	0.911	False	False	False	True	True	False	False	False	True	True	True	True	True	True	False	True	0.0993	0.794	0.695	-7.26	-7.47	1.34	1.24	0.549	-6.72	-6.92	8.06	7.96	8.27	8.17	0.209	-3.09	-2.99	-2.3	-1.75	4.97	5.17
RAB14	P61106	0.901936214470999	0.0327646813851862	0.0427190112974464	7.54001653649362e-12	2.09780854886085e-12	0.0020141806748137	0.0027527119237907	0.249195495865632	7.347319139200149e-11	1.8621182416357797e-11	1.46561242200508e-13	1.79796605292439e-13	4.75756557873203e-14	5.79157378087154e-14	0.489752651926007	0.936	0.752	0.843	0.00047	0.00151	0.691	0.318	0.83	0.0495	0.00541	0.0162	0.0111	0.0316	0.00501	0.903	False	False	False	True	True	False	False	False	True	True	True	True	True	True	False	True	0.0491	0.89	0.841	-4.63	-4.91	1.36	1.31	0.465	-4.17	-4.44	5.52	5.47	5.8	5.75	0.276	-2.27	-2.22	-1.38	-0.914	3.25	3.53
RAB18	Q9NP72	0.560568960970175	0.0184935533801959	0.0653325818257158	1.84235179061604e-10	4.0122542970886196e-11	0.0031677998808743	0.0131084141323659	0.466135265315009	8.73193399841032e-10	1.7730590877448003e-10	1.5183357559338198e-12	4.38943981342923e-12	4.0837321614970397e-13	1.12796726931359e-12	0.455087954418033	0.92	0.706	0.86	0.00473	0.0098	0.717	0.532	0.877	0.108	0.0183	0.0441	0.0427	0.0673	0.0222	0.899	False	False	False	True	True	False	False	False	False	True	True	True	False	True	False	True	0.265	1.13	0.866	-4.55	-4.89	1.46	1.2	0.333	-4.21	-4.56	5.68	5.41	6.02	5.75	0.341	-2.43	-2.16	-1.3	-0.962	3.25	3.59
RAB19	A4D1S5	0.80491905980772	0.034681652840571	0.0584339340124584	3.49757141980848e-07	4.03657860792096e-10	0.23946877665724	0.348642731415761	0.314579378113414	2.91799733082121e-08	4.98148494941706e-11	1.8815008867611e-09	3.2687899753224e-09	5.01134985227659e-12	7.957918639798189e-12	0.006744927473783	0.932	0.756	0.856	0.152	0.0312	0.888	0.863	0.849	0.261	0.00956	0.274	0.24	0.132	0.0492	0.443	False	False	False	False	True	False	False	False	False	True	False	False	False	True	False	True	0.0993	0.887	0.788	-2.7	-3.87	0.479	0.38	-0.408	-3.11	-4.28	3.59	3.49	4.76	4.66	1.17	-1.64	-1.54	-0.748	-1.16	1.95	3.12
RAB21	Q9UL25	0.887069248081236	0.035486798464896	0.0480329875066514	4.57288698022467e-13	1.27840536823499e-12	0.0672342626815444	0.0890338503154986	0.760158766542822	2.71823465484916e-13	7.46404678741709e-13	1.3117513557567601e-14	1.62947142743629e-14	3.25720801451874e-14	4.0744046685907504e-14	0.557503706907268	0.935	0.758	0.848	3.53e-05	0.00112	0.85	0.758	0.906	0.00303	0.000607	0.00518	0.00334	0.027	0.00405	0.91	False	False	False	True	True	False	False	False	True	True	True	True	True	True	False	True	0.0458	0.708	0.662	-4.25	-4.06	0.609	0.564	-0.0984	-4.35	-4.16	4.95	4.91	4.77	4.72	-0.19	-1.85	-1.8	-1.14	-1.24	3.11	2.92
RAB27A	P51159	0.0039750116946752	0.0003705841812256	1.09737205884439e-07	1.16189033132196e-10	1.4657229775887e-09	0.135201949796149	7.45318472388404e-05	0.0170120653937269	9.57597954140775e-13	8.42811124210793e-12	7.299816255585161e-14	6.92856049575923e-16	5.34609855902562e-13	3.7378105027526605e-15	0.239319147230826	0.537	0.296	0.0344	0.00363	0.0531	0.872	0.0595	0.487	0.00609	0.00331	0.0122	0.000492	0.0728	0.00088	0.862	False	False	True	True	False	False	False	False	True	True	True	True	False	True	False	True	-1.33	1.72	3.06	-4.35	-3.85	0.65	1.98	-1.07	-5.43	-4.92	6.08	7.41	5.57	6.9	-0.507	-2.11	-3.45	-0.39	-1.47	3.96	3.46
RAB2A	P61019	0.506756470197769	0.0001453196550525	0.000840641720988	5.02795316206262e-13	5.86283322465645e-13	5.48572812954971e-05	0.0003214733798286	0.714165088536798	9.52150699548835e-13	1.1139181001827e-12	5.891435322906e-16	1.4845816104194802e-15	6.65281643457953e-16	1.6832802279462901e-15	0.92913090874301	0.916	0.214	0.6	3.87e-05	0.000688	0.427	0.129	0.903	0.00607	0.000824	0.00076	0.000792	0.00458	0.000536	0.932	False	False	False	True	True	False	False	False	True	True	True	True	True	True	False	True	0.243	1.6	1.36	-4.78	-4.75	1.74	1.49	0.133	-4.64	-4.61	6.38	6.14	6.35	6.11	-0.0324	-2.72	-2.48	-1.12	-0.982	3.66	3.63
RAB2B	Q8WUD1	0.987101148334622	0.214061549973044	0.219815804181357	5.83458336705306e-13	8.46422349208401e-12	0.595681845085964	0.606844296624043	0.468007714700152	1.69349473048531e-13	2.1978611515208398e-12	7.08966124036104e-14	7.2769877783595e-14	8.52143515921843e-13	8.76653615676389e-13	0.147457494844369	0.939	0.865	0.899	4.45e-05	0.00381	0.912	0.895	0.877	0.00236	0.00133	0.0121	0.00714	0.0824	0.0198	0.826	False	False	False	True	True	False	False	False	True	True	True	True	False	True	False	True	0.00834	0.65	0.642	-6.73	-5.96	0.274	0.266	-0.376	-7.1	-6.34	7.38	7.37	6.61	6.6	-0.763	-2.49	-2.48	-1.84	-2.21	4.89	4.13
RAB33A	Q14088	0.818720260212156	0.810985586912926	0.640077102103897	2.1579628598938398e-11	1.72618469750897e-12	0.736081813769641	0.91391512120586	0.565400740208522	6.760202123616759e-11	4.94602366585142e-12	3.44901320076471e-11	5.4407448384587e-11	2.66000921853932e-12	4.04908978759478e-12	0.184045321717413	0.933	0.919	0.928	0.00114	0.00135	0.917	0.915	0.889	0.0482	0.00232	0.112	0.0935	0.113	0.0381	0.843	False	False	False	True	True	False	False	False	True	True	False	False	False	True	False	True	0.152	-0.159	-0.311	-7.36	-8.26	0.224	0.0718	0.383	-6.97	-7.87	7.2	7.05	8.1	7.94	0.898	-2.59	-2.43	-2.74	-2.36	4.61	5.51
RAB4B	P61018	0.0542871953913354	1.86962698083725e-05	0.0034951550751438	2.5017311672e-11	7.62528048020682e-12	1.56540445572715e-06	0.0003014127477145	0.34696996221551	1.6876800488748002e-10	4.79310259408921e-11	3.992135963409391e-15	8.622516194910641e-14	1.6399068672140502e-15	3.20884921825248e-14	0.537198044272882	0.799	0.0969	0.709	0.00127	0.00359	0.204	0.125	0.857	0.0667	0.00936	0.00258	0.00767	0.00698	0.00349	0.908	False	False	False	True	True	False	False	False	False	True	True	True	True	True	False	True	1.14	2.95	1.81	-6.26	-6.61	3.49	2.35	0.54	-5.72	-6.07	9.21	8.07	9.56	8.42	0.352	-4.39	-3.25	-1.44	-0.902	4.82	5.17
RAB7A	P51149	0.767121247518306	0.072403769812387	0.127677401126759	3.22040806873876e-14	1.35885992274379e-14	0.0109542931100609	0.0217578776042661	0.393204214251889	1.28241463617451e-13	5.1920005844976804e-14	2.01169780725688e-15	3.0781584218857702e-15	9.185229450594429e-16	1.3890604321253302e-15	0.577919139072242	0.931	0.806	0.883	1.34e-06	2.21e-05	0.78	0.6	0.866	0.00199	5.32e-05	0.00169	0.00121	0.0053	0.000477	0.911	False	False	False	True	True	False	False	False	True	True	True	True	True	True	False	True	0.0726	0.454	0.382	-3.63	-3.76	0.665	0.593	0.211	-3.42	-3.55	4.08	4.01	4.22	4.14	0.137	-1.58	-1.51	-1.13	-0.916	2.5	2.64
RAB8A	P61006	0.721231354108526	0.0212855725260489	0.046485822107693	4.90920907093129e-12	4.90200514619453e-13	0.0006569281770121	0.0016563391758697	0.167286226117753	7.500246954013649e-11	6.11978442170084e-12	7.336525637517151e-14	1.31357233278026e-13	9.83349396508154e-15	1.6927558460391e-14	0.204574984742081	0.929	0.718	0.847	0.000335	0.000623	0.619	0.256	0.794	0.0498	0.00267	0.0123	0.00949	0.0159	0.00235	0.851	False	False	False	True	True	False	False	False	True	True	True	True	True	True	False	True	0.119	0.806	0.687	-3.93	-4.36	1.27	1.15	0.467	-3.47	-3.89	4.74	4.62	5.17	5.05	0.428	-2.02	-1.9	-1.21	-0.744	2.72	3.15
RAB8B	Q92930	0.167979024611042	0.0001372817533687	0.0051876280813931	2.63271762065022e-12	2.88363240833111e-12	6.48609954772428e-07	2.51171844965796e-05	0.0491630839214624	1.37795356721658e-10	1.5274811751262001e-10	2.10704445895454e-15	1.68406914213096e-14	2.26292954964425e-15	1.81845282203273e-14	0.960151118114125	0.868	0.21	0.735	0.000203	0.00189	0.159	0.0314	0.649	0.0624	0.0169	0.00174	0.0034	0.00813	0.00244	0.933	False	False	False	True	True	False	True	False	False	True	True	True	True	True	False	True	0.716	2.26	1.54	-6.22	-6.19	3.3	2.58	1.04	-5.17	-5.15	8.47	7.76	8.45	7.73	-0.0255	-3.87	-3.15	-1.61	-0.566	4.61	4.58
RAB9A	P51151	0.741890930637666	0.0572710080004602	0.028331715505869	4.14960763795767e-12	2.70624843192938e-12	0.115328793138291	0.0605670994419983	0.721412826900976	2.1614952855243996e-12	1.4222874901114398e-12	1.33426015691077e-13	7.789139079896451e-14	9.10991721465142e-14	5.3550045133203e-14	0.815757347956465	0.929	0.791	0.826	0.000294	0.00181	0.867	0.72	0.904	0.00969	0.000982	0.0156	0.00735	0.0402	0.00479	0.927	False	False	False	True	True	False	False	False	True	True	True	True	True	True	False	True	-0.141	0.844	0.986	-5.12	-5.22	0.691	0.833	-0.153	-5.27	-5.37	5.96	6.1	6.06	6.2	0.0999	-2.24	-2.38	-1.39	-1.55	3.73	3.83
RABAC1	Q9UI14	0.723531038855765	0.0002386365261324	9.32831840816137e-05	8.16307084557485e-08	9.8263618893485e-09	8.90831879883047e-05	3.47669551579562e-05	0.710625314149304	2.03534578180428e-07	2.3455817218665e-08	9.06799188337228e-12	4.67087419247057e-12	1.75488911534027e-12	9.35264353317057e-13	0.37669396677177	0.929	0.252	0.396	0.0959	0.102	0.467	0.0379	0.903	0.391	0.132	0.0784	0.0437	0.102	0.0204	0.889	False	False	False	False	False	False	True	False	False	False	False	True	False	True	False	True	-0.118	1.4	1.52	-2.43	-2.73	1.53	1.64	0.124	-2.31	-2.6	3.83	3.95	4.13	4.25	0.296	-1.8	-1.91	-0.392	-0.269	2.04	2.33
RAC1	P63000	0.389403428122678	8.45380615051971e-05	0.000832418666043	6.92762749920929e-12	2.01348677983199e-12	1.20535423698103e-06	1.1516119270978e-05	0.114239226757569	1.68719378795665e-10	4.31841600708815e-11	3.4419520651138905e-15	1.24688625280096e-14	1.3198537966182401e-15	4.57724690323893e-15	0.503707925042032	0.906	0.177	0.599	0.000441	0.00148	0.19	0.0194	0.755	0.0667	0.00884	0.00236	0.00286	0.00633	0.000999	0.905	False	False	False	True	True	False	True	False	False	True	True	True	True	True	False	True	0.23	1.22	0.994	-3.1	-3.28	1.65	1.42	0.43	-2.67	-2.85	4.32	4.09	4.5	4.27	0.178	-1.99	-1.76	-0.764	-0.334	2.33	2.51
RAC2	P15153	0.253465737862867	0.0008622754788858	0.0152280885541969	4.4340083952695995e-12	4.18408632173687e-13	3.06687851392341e-06	6.47307887292221e-05	0.0403627283396799	3.02415042890515e-10	2.0654261695981898e-11	8.866081018910411e-15	5.31235708502923e-14	1.2949795310024401e-15	6.882580868713151e-15	0.192180334309137	0.888	0.387	0.796	0.000309	0.000566	0.241	0.0549	0.621	0.0802	0.00573	0.00415	0.00622	0.00628	0.00132	0.847	False	False	False	True	True	False	False	False	False	True	True	True	True	True	False	True	0.302	0.974	0.672	-3.11	-3.45	1.53	1.23	0.558	-2.55	-2.9	4.08	3.78	4.43	4.13	0.346	-1.89	-1.58	-0.912	-0.354	2.2	2.54
RALA	P11233	0.555837993279801	7.58929503364004e-09	3.02870684170511e-08	7.61991891280918e-07	4.42571886646175e-08	1.33017543867547e-10	4.58655376864311e-10	0.072132210367273	9.87540958971066e-05	4.72721495597137e-06	3.65578229187279e-14	9.42276142745323e-14	6.305219718026941e-15	1.53557356515824e-14	0.256311561900547	0.919	0.000529	0.0177	0.191	0.155	0.00298	1.55e-07	0.7	0.763	0.538	0.00895	0.008	0.0133	0.00222	0.866	False	True	True	False	False	True	True	False	False	False	True	True	True	True	False	True	0.261	3.66	3.4	-2.83	-3.33	4.48	4.22	0.819	-2.01	-2.51	6.49	6.23	7.0	6.74	0.507	-3.65	-3.39	0.0148	0.834	2.84	3.35
RALB	P11234	0.250265162390182	4.99468872754157e-06	0.000108716596767	8.542189136752941e-14	6.3558694995591e-15	4.35843029728257e-08	7.79140836182838e-07	0.0682733828863159	2.15313726691131e-12	1.20248767774973e-13	2.89342633937487e-17	1.24947428883187e-16	4.0119382502324e-18	1.56114923522378e-17	0.10282307791623	0.887	0.0537	0.411	4.91e-06	9.18e-06	0.0618	0.00222	0.693	0.00967	0.000123	7.2e-05	0.000131	0.000123	8.55e-06	0.796	False	False	False	True	True	False	True	False	True	True	True	True	True	True	False	True	0.415	2.03	1.61	-5.06	-5.66	2.7	2.28	0.672	-4.39	-4.99	7.09	6.67	7.68	7.27	0.597	-3.32	-2.9	-1.29	-0.62	3.77	4.37
RAP2B	P61225	0.95348405783257	4.945649645259611e-09	4.3316506537359305e-09	3.65654011533764e-08	2.8121694099925e-09	1.77494895829629e-09	1.56017208697472e-09	0.648818739832718	1.10412982537538e-07	7.93599137974109e-09	4.257125266882141e-15	3.90949566274017e-15	8.818753360178659e-16	8.136053078000201e-16	0.273993115953155	0.938	0.000361	0.0053	0.072	0.0675	0.015	1.09e-06	0.898	0.346	0.089	0.00267	0.0014	0.00521	0.000336	0.87	False	True	True	False	False	True	True	False	False	False	True	True	True	True	False	True	-0.0231	3.36	3.38	-3.02	-3.46	3.54	3.56	0.18	-2.84	-3.28	6.38	6.4	6.82	6.84	0.438	-3.35	-3.37	0.0138	0.194	3.03	3.47
REEP5	Q00765	0.0192424399030237	3.0101750922450504e-15	1.36676535137938e-13	5.900292727704671e-09	9.704429868823742e-09	2.00251481765109e-14	1.19658799822094e-12	0.211465937625362	3.60971621132907e-10	5.72327132718853e-10	1.25504266479326e-19	1.68411083156817e-18	1.5596669431489301e-19	2.13950072454361e-18	0.828907139269231	0.712	4.64e-14	1.15e-07	0.0331	0.101	4.48e-07	4.4e-13	0.816	0.0843	0.0314	8.59e-08	1.41e-06	4.09e-06	7.5e-07	0.927	False	True	True	True	False	True	True	False	False	True	True	True	True	True	False	True	0.58	3.84	3.26	-1.97	-1.92	3.54	2.96	-0.298	-2.27	-2.22	5.81	5.23	5.76	5.18	-0.0507	-3.26	-2.68	0.583	0.286	2.56	2.51
RHBDF2	Q6PJF5	0.633280158218085	0.0749908740715785	0.181689019005211	1.77054946148775e-11	4.24537910559946e-14	0.0042943778678025	0.0136136017266995	0.213421036407407	2.24338204611117e-10	3.37536717872736e-13	6.12087227546807e-13	1.4189400616043698e-12	2.65129629933513e-15	5.319049411995291e-15	0.0017925337370745	0.924	0.808	0.894	0.000979	7.54e-05	0.734	0.537	0.817	0.0732	0.000306	0.0304	0.0275	0.00876	0.0011	0.266	False	False	False	True	True	False	False	False	False	True	True	True	True	True	False	True	0.0993	0.382	0.282	-2.32	-3.04	0.644	0.545	0.262	-2.06	-2.78	2.7	2.6	3.42	3.32	0.716	-1.21	-1.11	-0.826	-0.564	1.5	2.21
RHOA	P61586	0.579001561821815	2.56309304267814e-08	9.79364664661946e-08	5.44787313396996e-10	9.411377635229849e-11	1.44808760017682e-10	4.6528066341351803e-10	0.0261575566858396	1.17339115960361e-07	1.5608811186354e-08	8.33665366246207e-16	1.8167446850393803e-15	2.6738945000269e-16	5.64704601500257e-16	0.403772491400604	0.921	0.00155	0.0326	0.00911	0.0154	0.00315	1.58e-07	0.555	0.351	0.115	0.000912	0.000893	0.00277	0.000263	0.893	False	True	True	True	True	True	True	False	False	False	True	True	True	True	False	True	0.186	2.61	2.42	-3.18	-3.46	3.39	3.2	0.782	-2.39	-2.68	5.78	5.6	6.06	5.88	0.281	-3.0	-2.82	-0.398	0.383	2.78	3.06
RHOG	P84095	0.506177499720859	0.000387307120942	0.0021872787245155	1.31790328732648e-10	1.77129687636696e-10	2.00262536744677e-05	0.0001178733015525	0.269621029965828	1.42058795361206e-09	1.949628931421e-09	8.28359434966521e-14	2.49538898064255e-13	1.0457254713371999e-13	3.17835208147187e-13	0.886170284457167	0.916	0.3	0.676	0.00391	0.0215	0.36	0.0769	0.837	0.125	0.0533	0.0129	0.0128	0.0421	0.012	0.93	False	False	False	True	True	False	False	False	False	False	True	True	True	True	False	True	0.155	0.938	0.783	-2.36	-2.33	1.2	1.04	0.26	-2.1	-2.07	3.3	3.15	3.27	3.11	-0.0333	-1.48	-1.32	-0.539	-0.279	1.82	1.79
RTN4	Q9NQC3	0.140422890984816	1.27354437889722e-10	6.6266070235727395e-12	4.252583210257071e-09	2.11686201100109e-09	3.05390154883561e-09	1.20171288955222e-10	0.147714663836983	1.72358159543912e-10	9.11138666869284e-11	1.17984955823146e-16	1.81180932337021e-17	7.93406961972364e-17	1.25038016132009e-17	0.756379440346946	0.859	6.38e-06	1.93e-05	0.0281	0.0609	0.0195	1.55e-08	0.782	0.0672	0.013	0.000274	2.22e-05	0.00126	6.77e-06	0.923	False	True	True	True	False	True	True	False	False	True	True	True	True	True	False	True	-0.329	2.23	2.56	-1.87	-1.94	1.91	2.23	-0.323	-2.2	-2.26	4.1	4.43	4.17	4.5	0.0679	-2.01	-2.34	0.216	-0.107	2.09	2.16
SARAF	Q96BY9	0.286129662572265	9.91208333304246e-05	5.71256525176779e-06	0.0001386321221032	3.06190341996103e-07	6.10862642243783e-06	3.81715102563235e-07	0.297466107084844	0.0021701931404956	4.53938422903874e-06	1.68118602740473e-09	1.6705979196324001e-10	1.3374613903668699e-11	1.8065825932724997e-12	0.0256129458058676	0.893	0.187	0.179	0.581	0.245	0.282	0.00115	0.845	0.858	0.535	0.269	0.126	0.164	0.0271	0.639	False	False	False	False	False	False	True	False	False	False	False	False	False	True	False	True	-0.416	1.76	2.17	-1.71	-2.61	2.16	2.58	0.406	-1.3	-2.21	3.46	3.88	4.37	4.78	0.905	-1.89	-2.31	-0.133	0.273	1.57	2.48
SCAMP1	O15126	0.0634260647766146	3.75196118147893e-11	2.1199038381841e-09	1.26576361312121e-06	2.27547746229994e-05	9.35598799144864e-11	5.921996990192261e-09	0.64955504329859	3.98059642672063e-07	6.84810258730588e-06	1.2273917648197901e-15	2.06877772178113e-14	6.0271872596627404e-15	1.20370530506916e-13	0.274547954795275	0.81	1.2e-06	0.00331	0.218	0.531	0.00235	8.1e-06	0.898	0.441	0.567	0.0012	0.0038	0.013	0.00761	0.871	False	True	True	False	False	True	True	False	False	False	True	True	True	True	False	True	0.86	4.83	3.97	-2.78	-2.29	4.63	3.77	-0.204	-2.99	-2.49	7.62	6.76	7.12	6.26	-0.495	-4.18	-3.32	0.657	0.453	3.44	2.94
SCAMP2	O15127	0.020844716920031	4.3861774646885803e-10	1.17228717227495e-07	4.61516615822248e-09	4.82216574486139e-10	3.35580623364447e-10	8.60866054311823e-08	0.899576368499113	6.15472686314812e-09	6.32052253339276e-10	2.67705781095853e-16	8.289196757106751e-15	7.10452741772777e-17	1.85945630248704e-15	0.310255120126996	0.72	2.82e-05	0.0355	0.0293	0.0335	0.00562	0.000234	0.915	0.188	0.0329	0.000497	0.00222	0.00118	0.000568	0.878	False	True	True	True	True	True	True	False	False	True	True	True	True	True	False	True	0.703	2.77	2.06	-2.46	-2.76	2.8	2.1	0.0364	-2.42	-2.72	5.23	4.52	5.52	4.82	0.296	-2.84	-2.13	-0.0697	-0.0333	2.39	2.69
SCAMP3	O14828	0.108994724661701	1.16252838282614e-12	2.47623280973312e-11	3.08443673131965e-13	2.85529534463099e-13	9.25619708259462e-13	1.9259189666809e-11	0.897259698106912	3.84221289424057e-13	3.55474943274363e-13	3.62318757790439e-20	1.8294378875579902e-19	3.46877851990856e-20	1.7467375561076101e-19	0.963624155289598	0.844	3.57e-09	8.66e-05	2.33e-05	0.000438	4.78e-05	3.67e-10	0.915	0.00358	0.000319	1.74e-08	9.12e-08	8.39e-07	1.8e-08	0.933	False	True	True	True	True	True	True	False	True	True	True	True	True	True	False	True	0.288	2.22	1.93	-2.35	-2.36	2.24	1.95	0.0226	-2.33	-2.34	4.57	4.28	4.58	4.29	0.00799	-2.31	-2.03	-0.0979	-0.0752	2.25	2.26
SEC61B	P60468	0.759581397666749	2.31857734744045e-08	4.81631827110238e-08	3.01769373467771e-05	7.53456232163488e-06	1.04906466746378e-05	2.35676780442146e-05	0.0211156327675522	6.03163726816318e-08	1.72330221607304e-08	8.44340856930394e-13	1.45131678612349e-12	3.40878506890071e-13	5.76510551275227e-13	0.600289962857488	0.93	0.00142	0.0226	0.455	0.451	0.318	0.0303	0.522	0.302	0.119	0.0348	0.0277	0.0637	0.0163	0.913	False	True	True	False	False	False	True	False	False	False	True	True	False	True	False	True	0.0416	1.06	1.02	-0.678	-0.75	0.732	0.691	-0.33	-1.01	-1.08	1.74	1.7	1.81	1.77	0.0713	-0.898	-0.857	0.164	-0.166	0.842	0.914
SEC62	Q99442	0.740750014687708	2.32507654132972e-06	5.50721357938511e-06	1.34699359199638e-08	8.854361945563691e-09	0.0004883544836772	0.0011575042423405	0.0510006172110382	1.56083606439939e-10	1.07688681748575e-10	1.09311361602887e-13	1.88905688611932e-13	8.14610307448738e-14	1.4000599462036e-13	0.856716878460451	0.929	0.0352	0.177	0.0479	0.0983	0.598	0.223	0.654	0.065	0.014	0.0145	0.0113	0.0386	0.00823	0.929	False	True	False	True	False	False	False	False	False	True	True	True	True	True	False	True	0.0916	1.65	1.56	-2.23	-2.28	1.09	1.0	-0.561	-2.79	-2.84	3.88	3.79	3.93	3.84	0.05	-1.78	-1.68	-0.123	-0.683	2.11	2.16
SFT2D2	O95562	0.0032131162494355	2.04392039207201e-08	7.29371336039222e-05	4.80902047411632e-06	2.88357229623319e-08	1.03729564283569e-08	3.37677818214486e-05	0.772067612907584	1.02899178980012e-05	5.77860819872128e-08	2.33165399842493e-13	8.888919243303029e-11	9.10080216213016e-15	1.79239438070552e-12	0.0493366008784327	0.511	0.00128	0.373	0.3	0.139	0.0341	0.0372	0.907	0.657	0.183	0.0199	0.107	0.0154	0.027	0.721	False	True	False	False	False	True	True	False	False	False	True	False	True	True	False	True	1.11	2.73	1.62	-1.97	-2.68	2.83	1.72	0.1	-1.87	-2.58	4.71	3.59	5.41	4.3	0.708	-2.8	-1.68	-0.0678	0.0327	1.91	2.61
SIGMAR1	Q99720	0.979366270252228	1.45242271138176e-10	1.5320457947425101e-10	0.0016388780582373	0.0013345872651033	1.98509820593858e-06	2.12231216651259e-06	0.0003396076557927	4.32542051511438e-08	3.57132047199383e-08	2.23382181438523e-13	2.33288445717213e-13	1.95415520818334e-13	2.04041663085718e-13	0.936269838305421	0.939	7.51e-06	0.000485	0.743	0.761	0.217	0.00519	0.0954	0.282	0.154	0.0195	0.0125	0.0529	0.0099	0.932	False	True	True	False	False	False	True	False	False	False	True	True	False	True	False	True	0.0102	4.0	3.99	-1.37	-1.41	2.38	2.37	-1.61	-2.99	-3.02	5.37	5.36	5.4	5.39	0.0316	-2.86	-2.85	1.14	-0.478	2.51	2.54
SLC16A1	P53985	0.130407046447668	7.9722878946346e-05	1.36943582705452e-06	4.28914358943985e-08	1.76081597826164e-07	3.50876781070684e-05	6.22440957298292e-07	0.75758741118744	9.06108449616113e-08	3.80511419538608e-07	2.57111932179157e-12	1.74582440954549e-13	7.50511894182052e-12	4.64674978104205e-13	0.563732209513637	0.854	0.173	0.107	0.0763	0.218	0.398	0.00182	0.906	0.332	0.325	0.0535	0.0109	0.145	0.0147	0.91	False	False	False	False	False	False	True	False	False	False	False	True	False	True	False	True	-0.461	1.38	1.84	-2.26	-2.08	1.47	1.93	0.092	-2.16	-1.99	3.64	4.1	3.46	3.93	-0.173	-1.58	-2.04	-0.202	-0.11	2.05	1.88
SLC16A7	O60669	0.807107836606453	0.0005909370453389	0.0011159102006854	1.10122863413627e-13	2.34713057051883e-13	0.0001852652989061	0.0003533480251466	0.660464119945596	2.28357290613018e-13	4.96088508154311e-13	3.56059575951583e-16	4.94818295507022e-16	6.60609313984725e-16	9.24861303666013e-16	0.64872705971129	0.932	0.345	0.623	6.65e-06	0.000378	0.525	0.135	0.899	0.00278	0.000431	0.00059	0.00039	0.00456	0.000363	0.917	False	False	False	True	True	False	False	False	True	True	True	True	True	True	False	True	0.0465	0.738	0.691	-2.67	-2.58	0.821	0.775	0.0838	-2.59	-2.5	3.41	3.36	3.32	3.27	-0.0869	-1.39	-1.34	-0.652	-0.568	2.02	1.93
SLC29A1	Q99808	0.671211983929348	0.0031163202880322	0.0010523178870155	2.2204476258005303e-09	2.60637959465431e-10	0.70136172008688	0.421320878002871	0.0080254570643249	6.5841421471514395e-12	1.08542730618679e-12	3.2324200630824e-12	1.4980183508180499e-12	5.54765596032818e-13	2.6839332393918997e-13	0.326474231392616	0.926	0.531	0.618	0.0198	0.0258	0.916	0.875	0.375	0.0177	0.000809	0.0578	0.0281	0.0735	0.0112	0.881	False	False	False	True	True	False	False	False	True	True	False	True	False	True	False	True	-0.126	0.957	1.08	-2.62	-2.92	0.114	0.24	-0.843	-3.46	-3.76	3.58	3.7	3.87	4.0	0.293	-1.4	-1.53	-0.443	-1.29	2.18	2.47
SLC2A3	P11169	0.999204719846662	5.90219380219545e-06	5.886805842935e-06	8.4072924443993e-09	3.64340415902824e-09	2.90803983619802e-05	2.90036252691628e-05	0.546910555373237	2.13546069179389e-09	9.53420664367869e-10	1.40937766383547e-13	1.40706094589531e-13	7.74689182829587e-14	7.73441410898063e-14	0.714516990847868	0.939	0.0584	0.181	0.0389	0.0736	0.385	0.034	0.887	0.141	0.0397	0.0159	0.00982	0.038	0.00595	0.921	False	False	False	True	False	False	True	False	False	True	True	True	True	True	False	True	-0.00019	1.07	1.07	-1.57	-1.64	0.954	0.954	-0.115	-1.69	-1.76	2.64	2.64	2.71	2.71	0.0697	-1.23	-1.23	-0.16	-0.275	1.41	1.48
SLC44A1	Q8WWI5	0.470303256106078	1.12553050047464e-17	4.83768043871962e-18	2.23792445894628e-07	3.9120876136899094e-11	1.8384782366115002e-18	8.337487028521821e-19	0.121603952018679	1.32033115366603e-05	1.0596737726179701e-09	9.05228052544249e-21	4.72351481561958e-21	3.32976134953767e-22	1.87338412235276e-22	0.0005918402361365	0.913	4.64e-14	7.23e-14	0.134	0.00967	7.13e-14	3.41e-14	0.762	0.67	0.0415	1.96e-09	8.1e-11	3.11e-10	4.75e-13	0.173	False	True	True	False	True	True	True	False	False	True	True	True	True	True	False	True	-0.164	4.66	4.83	-1.56	-2.43	5.02	5.18	0.358	-1.2	-2.07	6.22	6.38	7.09	7.26	0.875	-3.81	-3.97	0.857	1.21	2.41	3.29
SMIM13	P0DJ93	0.518009760872337	3.24672243479037e-13	9.97787821328317e-13	0.0002874278609163	0.509511271169342	2.49505657219409e-07	1.28942410667494e-06	5.60626944514335e-07	4.690434632143169e-11	1.07646332580921e-07	5.90648452071829e-16	1.4518413779526002e-15	1.07662118841228e-13	3.17399527187465e-13	0.0016169207215893	0.917	2.89e-10	1.89e-06	0.635	0.923	0.117	0.00342	0.000627	0.0425	0.226	0.000761	0.000783	0.0425	0.012	0.255	False	True	True	False	False	False	True	True	True	False	True	True	True	True	False	True	0.177	3.65	3.47	-1.13	-0.181	1.87	1.69	-1.78	-2.91	-1.96	4.78	4.61	3.83	3.65	-0.951	-2.39	-2.21	1.27	-0.516	2.4	1.45
SRPRB	Q9Y5M8	7.99977346792432e-06	0.0007899177847349	8.908400963740501e-10	2.04234301638451e-07	0.0013968937230124	0.370496496699562	8.73315512928924e-05	7.28916615034418e-05	7.88350268831575e-12	9.4986157849416e-09	4.529517987998001e-11	3.87213112046484e-15	8.10688898827122e-08	8.726292922178899e-13	0.0020796988937683	0.0624	0.377	0.00184	0.13	0.763	0.9	0.0652	0.038	0.0193	0.0955	0.122	0.00139	0.59	0.0198	0.282	False	False	True	False	False	False	False	False	True	False	False	True	False	True	False	True	-0.651	0.445	1.1	-0.82	-0.419	-0.107	0.544	-0.552	-1.37	-0.972	1.27	1.92	0.865	1.52	-0.401	-0.303	-0.954	0.142	-0.41	0.963	0.562
STT3B	Q8TCJ2	0.0885918429556858	2.79478901412177e-07	2.60223415698816e-05	1.058758143189e-09	1.95070324512256e-10	6.30191445084359e-07	6.13449242733214e-05	0.746937762562176	5.26605325566643e-10	1.00293966286478e-10	5.230607544285621e-15	7.82447028552216e-14	1.6634359118009202e-15	2.22734697219228e-14	0.430262075886362	0.832	0.0096	0.28	0.0131	0.0225	0.158	0.0532	0.905	0.0931	0.0135	0.00304	0.00736	0.00702	0.00277	0.896	False	True	False	True	True	False	False	False	False	True	True	True	True	True	False	True	0.365	1.42	1.05	-1.92	-2.08	1.35	0.987	-0.0674	-1.98	-2.15	3.34	2.97	3.5	3.14	0.165	-1.66	-1.3	-0.243	-0.31	1.67	1.84
STX11	O75558	0.463160271528012	5.1807681236528e-10	1.1071681056078401e-10	4.57401583157584e-06	0.0073670683817293	1.18021509828104e-07	2.00006445598639e-08	0.0246926360151651	1.29807605198152e-08	1.58364780583119e-05	1.643656708833e-14	5.4216580936664505e-15	1.8160823974973798e-12	4.96156561932175e-13	0.0082289859667364	0.913	3.4e-05	0.000368	0.296	0.824	0.0897	4.02e-05	0.546	0.221	0.629	0.00585	0.0017	0.103	0.0152	0.473	False	True	True	False	False	False	True	False	False	False	True	True	False	True	False	True	-0.26	3.35	3.61	-2.01	-1.01	2.52	2.78	-0.832	-2.85	-1.85	5.37	5.63	4.37	4.63	-0.999	-2.56	-2.82	0.795	-0.0372	2.81	1.81
SYNGR2	O43760	0.945513521726448	3.00709553357576e-06	3.5920810446853e-06	6.20402761068608e-10	4.46760607896937e-10	2.33905546560572e-05	2.80358988062873e-05	0.437585162528944	1.20331968214955e-10	8.799315076303479e-11	1.46098100017997e-14	1.62199326950775e-14	1.15704575770117e-14	1.2834751604041e-14	0.878133598894461	0.938	0.0408	0.154	0.00975	0.0325	0.371	0.0334	0.873	0.0595	0.0127	0.00549	0.00333	0.017	0.00199	0.93	False	True	False	True	True	False	True	False	False	True	True	True	True	True	False	True	0.0139	1.2	1.18	-1.92	-1.96	1.04	1.03	-0.159	-2.08	-2.12	3.12	3.11	3.15	3.14	0.0313	-1.42	-1.41	-0.223	-0.382	1.7	1.73
TECR	Q9NZ01	0.0010285139707335	3.13467972963509e-07	0.0043159398640927	9.7618654316657e-09	4.650614154378e-11	1.71524794304158e-07	0.0023503078959392	0.808684508013313	1.7178008618599e-08	7.562670058078849e-11	2.4993420919948502e-14	1.4007231359122e-11	6.65282509596733e-16	1.65953829394695e-13	0.0187067172211482	0.371	0.0104	0.723	0.0416	0.0106	0.103	0.298	0.91	0.233	0.0119	0.00736	0.0639	0.00458	0.00896	0.596	False	True	False	True	True	False	False	False	False	True	True	False	True	True	False	True	0.622	1.15	0.526	-1.39	-1.81	1.19	0.567	0.0411	-1.35	-1.77	2.54	1.92	2.96	2.34	0.422	-1.41	-0.788	-0.262	-0.221	1.13	1.55
TMBIM1	Q969X1	0.445360645210031	1.5949811828257502e-09	9.03971083111384e-09	3.7089301624500696e-12	3.2474605767688e-13	3.8654909260524e-07	2.74929750075668e-06	0.0269779905519047	6.812302997699831e-14	8.02843931188332e-15	7.4537248478511e-18	1.84879784521412e-17	1.5682326446879099e-18	3.6953445114329e-18	0.175935443273151	0.911	0.000115	0.00859	0.00027	0.000479	0.136	0.00645	0.56	0.00129	6.7e-06	1.86e-05	2.25e-05	5.42e-05	1.46e-06	0.84	False	True	True	True	True	False	True	False	True	True	True	True	True	True	False	True	0.183	2.14	1.96	-2.86	-3.19	1.59	1.41	-0.553	-3.41	-3.74	5.0	4.82	5.33	5.15	0.328	-2.38	-2.19	-0.232	-0.785	2.63	2.96
TMBIM6	P55061	0.0347551826783128	2.01604184995634e-07	6.1421001249615e-05	4.00782662741822e-08	5.41243055354067e-08	7.30371859132445e-07	0.0002391647387669	0.609377107442538	1.19474293332869e-08	1.5997134404653e-08	4.8568642973730603e-14	2.04495353951376e-12	5.92929665722994e-14	2.56410775870105e-12	0.900600450791766	0.764	0.00768	0.356	0.0745	0.163	0.165	0.112	0.894	0.217	0.116	0.0102	0.0316	0.0344	0.0315	0.931	False	True	False	False	False	False	False	False	False	False	True	True	True	True	False	True	1.16	3.64	2.48	-3.99	-3.92	3.37	2.21	-0.269	-4.26	-4.19	7.63	6.47	7.57	6.41	-0.0656	-3.89	-2.74	-0.253	-0.522	3.74	3.67
TMEM123	Q8N131	0.843314853523108	6.86909671874585e-09	1.0844188572372e-08	8.88838934489429e-05	7.56805873962344e-05	1.23672581264134e-06	2.0576069847888e-06	0.0408417333362351	3.43946886814871e-07	2.95574528923103e-07	6.90472481750865e-13	9.76137616195344e-13	6.21538224688816e-13	8.77619706677691e-13	0.951744274260155	0.934	0.000482	0.00961	0.546	0.612	0.192	0.00506	0.622	0.431	0.304	0.032	0.0238	0.0758	0.0198	0.933	False	True	True	False	False	False	True	False	False	False	True	True	False	True	False	True	0.0682	2.88	2.81	-1.58	-1.61	2.15	2.08	-0.736	-2.32	-2.34	4.47	4.4	4.49	4.42	0.0209	-2.34	-2.27	0.54	-0.195	2.12	2.15
TMEM147	Q9BVK8	0.944796104357693	6.57282147147203e-07	7.83768080358765e-07	2.05127613493155e-07	2.08174943039942e-06	0.000642262629086	0.0007694581029569	0.0135655004773698	4.77728391984923e-10	3.55183695175168e-09	3.1599633005211996e-13	3.55460872450182e-13	1.5516983102969e-12	1.7566763308868799e-12	0.364720221986747	0.938	0.0167	0.085	0.13	0.354	0.617	0.189	0.451	0.0909	0.0662	0.0226	0.0151	0.0982	0.0268	0.887	False	True	False	False	False	False	False	False	False	False	True	True	False	True	False	True	0.0225	2.1	2.08	-2.25	-1.96	1.25	1.23	-0.853	-3.11	-2.81	4.36	4.33	4.06	4.04	-0.297	-1.97	-1.94	0.138	-0.715	2.39	2.09
TMEM201	Q5SNT2	0.0003105193104582	1.26109599773499e-05	5.99723791424199e-10	7.50527864221805e-07	0.009671970556954	0.0295605456942843	7.77831310282745e-07	0.0048937106100069	5.81903167670806e-10	3.52494708944666e-06	6.016596989272669e-12	6.333323829435871e-15	1.2423398526414e-08	2.52106547451797e-12	0.0010679366926076	0.263	0.0825	0.00141	0.19	0.832	0.821	0.00222	0.316	0.0955	0.514	0.0701	0.00185	0.49	0.0313	0.216	False	False	True	False	False	False	True	False	False	False	False	True	False	True	False	True	-0.543	0.702	1.24	-0.845	-0.365	0.3	0.843	-0.401	-1.25	-0.766	1.55	2.09	1.07	1.61	-0.481	-0.512	-1.05	0.19	-0.212	1.03	0.554
TMEM214	Q6NUQ4	0.0012060456436487	6.88058194604231e-10	6.4145938737051e-13	2.4344855849588e-06	0.0006766593291333	2.24719266115897e-06	4.44068727945287e-10	0.0020363143591371	7.35565334605068e-10	1.0046770200328e-07	1.38845098894976e-14	9.185319786852151e-17	4.36899564275891e-13	1.6101667196414401e-15	0.040711828305071	0.387	4.65e-05	1.12e-06	0.254	0.731	0.224	1.47e-07	0.227	0.102	0.221	0.00534	9.9e-05	0.0687	0.000523	0.698	False	True	True	False	False	False	True	False	False	False	True	True	False	True	False	True	-0.841	2.19	3.03	-1.39	-0.893	1.4	2.24	-0.793	-2.18	-1.69	3.58	4.42	3.09	3.93	-0.498	-1.57	-2.41	0.622	-0.171	2.01	1.52
TMEM222	Q9H0R3	0.529058502635048	1.40662804672747e-21	2.41390654142083e-21	6.49881671569905e-05	1.70384610465752e-05	2.13795554149062e-21	3.70087057079571e-21	0.624260622524001	1.76664693535048e-05	4.68523721029025e-06	3.43443601746287e-23	5.48793026300193e-23	2.37602337262968e-23	3.77183374914969e-23	0.614676995429159	0.918	4.64e-14	7.23e-14	0.52	0.511	7.13e-14	3.41e-14	0.895	0.686	0.537	9.43e-13	9.17e-13	1.89e-12	4.75e-13	0.914	False	True	True	False	False	True	True	False	False	False	True	True	True	True	False	True	0.0993	4.66	4.57	-0.74	-0.82	4.59	4.49	-0.0772	-0.818	-0.897	5.41	5.31	5.48	5.39	0.0793	-3.37	-3.27	1.29	1.21	2.03	2.11
TMEM41B	Q5BJD5	0.156930654039201	2.80089871117592e-07	1.15275492495845e-05	5.0737185073309e-11	1.33674968876729e-12	2.24409073937612e-07	9.12105956480516e-06	0.929157750004332	6.06272098525827e-11	1.5665295747528698e-12	6.64037427570435e-16	5.1577826074920505e-15	5.3260580069712404e-17	3.44584952985535e-16	0.0624531385402955	0.864	0.00962	0.224	0.00212	0.00115	0.113	0.0165	0.917	0.0465	0.00105	0.0008	0.00165	0.001	0.000195	0.747	False	True	False	True	True	False	True	False	True	True	True	True	True	True	False	True	0.276	1.3	1.03	-2.04	-2.41	1.32	1.04	0.017	-2.02	-2.39	3.34	3.06	3.71	3.43	0.369	-1.66	-1.38	-0.355	-0.338	1.68	2.05
TMEM50A	O95807	0.710803173876237	0.0068187043668533	0.0164435149536943	4.89729540001287e-10	5.33883717354401e-11	0.0001910749107124	0.0005087331934106	0.17177801812443	1.09036608519032e-08	9.77214976123182e-10	1.63596819607339e-12	3.2046671736529597e-12	2.54324897177263e-13	4.7839394463215e-13	0.289154235400865	0.928	0.614	0.8	0.0086	0.0114	0.528	0.159	0.797	0.213	0.0401	0.0453	0.0378	0.0579	0.0149	0.874	False	False	False	True	True	False	False	False	False	True	True	True	False	True	False	True	0.0993	0.779	0.68	-2.55	-2.84	1.15	1.05	0.372	-2.18	-2.47	3.33	3.23	3.62	3.52	0.287	-1.5	-1.4	-0.718	-0.345	1.84	2.12
TMEM55B	Q86T03	0.306543665164108	2.9048802583661596e-11	2.35781699774927e-10	4.50242965389977e-07	2.27490712893313e-08	5.2339021845188296e-11	4.41479569023187e-10	0.766550269429636	2.14008843401513e-07	1.13324495166664e-08	5.85247859644072e-16	2.48212914958475e-15	1.16183704500523e-16	4.53458212749192e-16	0.228684698135998	0.896	8.47e-07	0.000701	0.164	0.131	0.00162	1.46e-07	0.907	0.395	0.102	0.000758	0.00107	0.00162	0.000232	0.859	False	True	True	False	False	True	True	False	False	False	True	True	True	True	False	True	0.329	3.48	3.15	-2.11	-2.5	3.39	3.06	-0.0947	-2.2	-2.59	5.59	5.26	5.98	5.65	0.389	-3.13	-2.8	0.353	0.259	2.46	2.85
TMEM97	Q5BJF2	0.624317253413403	6.136559712641731e-14	1.36354860025131e-13	0.0018436941538702	0.0060778595439963	1.22345724873074e-10	3.40085366776526e-10	0.0002608724050461	3.80121895297555e-08	1.2078586180076e-07	3.9577727286039e-16	7.717424618441369e-16	7.56821105502841e-16	1.49925661790221e-15	0.634322672690916	0.924	7.2e-12	1.14e-07	0.75	0.817	0.00282	9.56e-08	0.0816	0.275	0.234	0.000625	0.00053	0.00487	0.000501	0.916	False	True	True	False	False	True	True	False	False	False	True	True	True	True	False	True	0.0958	2.81	2.71	-0.671	-0.578	1.99	1.9	-0.817	-1.49	-1.39	3.48	3.38	3.39	3.29	-0.093	-1.96	-1.86	0.848	0.0314	1.52	1.43
TMX1	Q9H3N1	0.64611046038525	1.4651670232894e-07	4.6165711201154e-07	3.61811494647868e-08	1.91384467779884e-09	3.49144414959324e-07	1.12102772460836e-06	0.727347604648211	1.58312080203504e-08	8.89146860575893e-10	3.69997243538837e-14	7.71415147540131e-14	5.29846056508101e-15	1.05246946047924e-14	0.209377523325058	0.925	0.0061	0.0679	0.0717	0.0587	0.132	0.00305	0.904	0.23	0.0385	0.009	0.00732	0.0123	0.00176	0.853	False	True	False	False	False	False	True	False	False	True	True	True	True	True	False	True	0.0826	1.27	1.19	-1.37	-1.6	1.21	1.12	-0.0627	-1.43	-1.66	2.64	2.56	2.87	2.79	0.229	-1.34	-1.26	-0.0759	-0.139	1.3	1.53
TRAM1	Q15629	0.59764752682103	1.64421256396249e-06	6.50977611286877e-06	2.31661118171098e-08	1.93965227442436e-08	3.70555165202202e-05	0.0001511294295695	0.241309995701804	1.5333817387538202e-09	1.29942462234249e-09	1.28064396176607e-13	3.09923065338824e-13	1.13187223914223e-13	2.7289817103524697e-13	0.940044931579626	0.922	0.0285	0.186	0.0603	0.125	0.401	0.0876	0.828	0.128	0.0452	0.0154	0.0141	0.0432	0.0113	0.932	False	True	False	False	False	False	False	False	False	True	True	True	True	True	False	True	0.129	1.49	1.36	-1.91	-1.93	1.2	1.07	-0.29	-2.2	-2.22	3.41	3.28	3.43	3.3	0.0184	-1.61	-1.48	-0.116	-0.407	1.8	1.82
TSPAN14	Q8NG11	0.0644512727105904	4.85712896524565e-08	6.05563527687575e-06	4.88636922007928e-05	5.27834038326759e-07	2.6740249554941404e-09	2.47980934257878e-07	0.218991371424805	0.0013076212018351	1.33629387355665e-05	2.0226867366060398e-12	7.828307017411259e-11	1.02647786944239e-13	2.7830631983809497e-12	0.0913099328830685	0.811	0.0026	0.182	0.496	0.272	0.0183	0.000737	0.819	0.846	0.617	0.0491	0.103	0.0419	0.0326	0.785	False	True	False	False	False	True	True	False	False	False	True	False	True	True	False	True	0.921	3.62	2.7	-2.32	-3.16	4.22	3.3	0.601	-1.72	-2.56	5.94	5.02	6.78	5.86	0.836	-3.58	-2.66	0.0408	0.642	2.36	3.2
TSPAN31	Q12999	0.560013185193964	0.00128684419797	0.0056187910755399	2.99823570111874e-11	4.62699191179924e-13	0.0058905911919005	0.0233230224173807	0.547235792994126	9.34518592650308e-12	1.66831784263623e-13	5.31323961238145e-14	1.3722684241001099e-13	1.74931942141001e-15	4.05688601435628e-15	0.0303184362451107	0.92	0.432	0.74	0.00145	0.000602	0.75	0.608	0.887	0.021	0.000168	0.0107	0.0097	0.00718	0.000925	0.661	False	False	False	True	True	False	False	False	True	True	True	True	True	True	False	True	0.0993	0.607	0.508	-1.85	-2.24	0.505	0.406	-0.103	-1.96	-2.34	2.46	2.36	2.85	2.75	0.386	-1.09	-0.987	-0.479	-0.581	1.37	1.76
VANGL1	Q8TAA9	0.651060382995971	0.0905187751505042	0.204794561336625	4.0761388934857403e-10	9.45245283058631e-12	0.0854520291345465	0.194883456152285	0.97633774676865	4.34160009490117e-10	9.99962562795327e-12	1.2178364174824299e-11	2.93012152007974e-11	4.10573222466827e-13	9.00744665005039e-13	0.069634012388563	0.925	0.819	0.897	0.00776	0.00408	0.858	0.824	0.92	0.0886	0.00368	0.0845	0.0794	0.0674	0.0201	0.758	False	False	False	True	True	False	False	False	False	True	False	False	False	True	False	True	0.0993	0.382	0.282	-2.11	-2.52	0.388	0.289	0.0065	-2.1	-2.51	2.49	2.39	2.9	2.8	0.411	-1.04	-0.945	-0.662	-0.656	1.45	1.86
VDAC2	P45880	0.23237891161754	2.46585496715363e-10	3.4312357890255303e-09	0.014353484929026	0.0007301953162148	7.977792826225e-11	1.01795931969229e-09	0.58486139583812	0.0483819617786574	0.0029787978555764	1.60193278490722e-12	1.5166502417616002e-11	2.0274769004593e-13	1.64858207977528e-12	0.238447350628732	0.884	1.44e-05	0.00458	0.839	0.735	0.0021	5.69e-07	0.891	0.915	0.87	0.045	0.0654	0.0536	0.0261	0.861	False	True	True	False	False	True	True	False	False	False	True	False	False	True	False	True	0.21	1.71	1.5	-0.45	-0.657	1.8	1.59	0.0948	-0.355	-0.562	2.16	1.95	2.36	2.15	0.207	-1.37	-1.16	0.334	0.429	0.784	0.991
VMP1	Q96GC9	0.865103651969965	0.000143111849283	9.11414230383701e-05	2.75173644026906e-07	1.64550398219114e-08	0.0005971897612837	0.0003822973715822	0.589236642019774	7.24832014938321e-08	4.71021185257615e-09	1.6072849822137198e-11	1.16029195624285e-11	1.8458163551987e-12	1.36186174627221e-12	0.251239864247675	0.935	0.213	0.394	0.142	0.119	0.612	0.14	0.892	0.315	0.0726	0.0909	0.0602	0.103	0.0241	0.865	False	False	False	False	False	False	False	False	False	False	False	False	False	True	False	True	-0.0401	1.04	1.08	-1.61	-1.88	0.915	0.955	-0.128	-1.74	-2.01	2.65	2.69	2.93	2.97	0.275	-1.25	-1.29	-0.207	-0.335	1.4	1.68
WDR59	Q6PJI9	0.207980874750621	7.13524480086044e-12	7.054211319248099e-13	0.308069722468992	0.70022561884477	5.91514359811229e-13	6.98157939039505e-14	0.175248040566866	0.0221823473650989	0.0863233530341866	5.2515354820478294e-11	4.48288251665726e-12	1.4848142748335497e-11	1.39149910262256e-12	0.521127859400858	0.879	9.5e-08	1.25e-06	0.921	0.929	3.02e-05	3.41e-14	0.799	0.903	0.934	0.127	0.043	0.167	0.0243	0.906	False	True	True	False	False	True	True	False	False	False	False	True	False	True	False	True	-0.536	4.89	5.42	0.432	0.162	5.47	6.0	0.579	1.01	0.74	4.45	4.99	4.72	5.26	0.27	-3.17	-3.7	1.72	2.3	1.29	1.56
YKT6	O15498	0.426268638308456	8.60918478636576e-10	1.57888929120786e-10	0.0218178365277361	0.0849767363588138	1.61370091391573e-10	3.20645740076205e-11	0.432313769088822	0.112436736633816	0.329635706827518	6.5482134839729794e-12	1.51356900753685e-12	2.2385824308021597e-11	4.8855195504792e-12	0.521592255596755	0.91	5.92e-05	0.000497	0.853	0.887	0.00337	1.1e-09	0.872	0.926	0.951	0.0718	0.0282	0.184	0.041	0.906	False	True	True	False	False	True	True	False	False	False	False	True	False	True	False	True	-0.311	3.61	3.92	-0.94	-0.69	3.92	4.23	0.307	-0.633	-0.383	4.55	4.86	4.3	4.61	-0.25	-2.68	-2.99	0.932	1.24	1.87	1.62
ZDHHC20	Q5W0Z9	0.47854995820854	0.0001327094603866	0.0008653893146356	2.9371556957735203e-09	6.423560740786191e-09	0.0068967565387245	0.0356257111864909	0.13353684016022	1.0955157863556002e-10	2.23453565795395e-10	4.69272260055381e-13	1.6372145415841399e-12	8.54056023158805e-13	3.0563346214822997e-12	0.730434609332156	0.914	0.208	0.602	0.0232	0.0889	0.758	0.661	0.772	0.0575	0.0206	0.0271	0.029	0.0825	0.0338	0.922	False	False	False	True	False	False	False	False	False	True	True	True	False	True	False	True	0.288	1.8	1.51	-3.53	-3.39	1.18	0.888	-0.621	-4.15	-4.01	5.33	5.04	5.19	4.9	-0.14	-2.3	-2.01	-0.499	-1.12	3.03	2.89
ZDHHC3	Q9NYG2	0.190422307026238	3.5245899568557603e-09	8.01480856636863e-08	8.45623301863436e-10	1.7379333685672597e-11	1.5958635375516397e-11	2.31244403489171e-10	0.0148470189625266	3.61153929947182e-07	3.89465265368845e-09	3.4307119998597297e-16	2.16052605415234e-15	3.02984887365226e-17	1.62870912798166e-16	0.0666720072250119	0.874	0.000261	0.0295	0.0116	0.00603	0.000667	4.95e-08	0.465	0.434	0.0683	0.000578	0.000987	0.000708	0.000108	0.754	False	True	True	True	True	True	True	False	False	False	True	True	True	True	False	True	0.336	2.18	1.84	-2.34	-2.82	2.83	2.5	0.652	-1.69	-2.17	4.52	4.19	5.0	4.67	0.478	-2.48	-2.14	-0.299	0.353	2.04	2.52
ZDHHC5	Q9C0B5	0.502945632086396	0.0148478620757093	0.0644972539683763	6.189076987951479e-16	1.93682039018594e-15	0.0133994845654455	0.0589637557278149	0.964877134440233	6.573184231522469e-16	2.06215983384691e-15	2.22699692693193e-17	5.09435504816224e-17	6.1141312745507e-17	1.44315048985753e-16	0.416116423800368	0.916	0.687	0.859	1.81e-09	1.89e-06	0.788	0.717	0.919	1.36e-05	1.02e-06	5.67e-05	5.49e-05	0.00108	9.65e-05	0.895	False	False	False	True	True	False	False	False	True	True	True	True	True	True	False	True	0.0993	0.382	0.282	-2.58	-2.46	0.388	0.289	0.0065	-2.58	-2.46	2.96	2.87	2.84	2.74	-0.121	-1.11	-1.01	-0.731	-0.725	1.85	1.73
