"name"	"ID"	"CntrUS_vs_CntrStim_p.val"	"FarnStim_vs_CntrStim_p.val"	"FarnStim_vs_CntrUS_p.val"	"FarnStim_vs_GeraStim_p.val"	"FarnStim_vs_GeraUS_p.val"	"FarnUS_vs_CntrStim_p.val"	"FarnUS_vs_CntrUS_p.val"	"FarnUS_vs_FarnStim_p.val"	"FarnUS_vs_GeraStim_p.val"	"FarnUS_vs_GeraUS_p.val"	"GeraStim_vs_CntrStim_p.val"	"GeraStim_vs_CntrUS_p.val"	"GeraUS_vs_CntrStim_p.val"	"GeraUS_vs_CntrUS_p.val"	"GeraUS_vs_GeraStim_p.val"	"CntrUS_vs_CntrStim_p.adj"	"FarnStim_vs_CntrStim_p.adj"	"FarnStim_vs_CntrUS_p.adj"	"FarnStim_vs_GeraStim_p.adj"	"FarnStim_vs_GeraUS_p.adj"	"FarnUS_vs_CntrStim_p.adj"	"FarnUS_vs_CntrUS_p.adj"	"FarnUS_vs_FarnStim_p.adj"	"FarnUS_vs_GeraStim_p.adj"	"FarnUS_vs_GeraUS_p.adj"	"GeraStim_vs_CntrStim_p.adj"	"GeraStim_vs_CntrUS_p.adj"	"GeraUS_vs_CntrStim_p.adj"	"GeraUS_vs_CntrUS_p.adj"	"GeraUS_vs_GeraStim_p.adj"	"CntrUS_vs_CntrStim_significant"	"FarnStim_vs_CntrStim_significant"	"FarnStim_vs_CntrUS_significant"	"FarnStim_vs_GeraStim_significant"	"FarnStim_vs_GeraUS_significant"	"FarnUS_vs_CntrStim_significant"	"FarnUS_vs_CntrUS_significant"	"FarnUS_vs_FarnStim_significant"	"FarnUS_vs_GeraStim_significant"	"FarnUS_vs_GeraUS_significant"	"GeraStim_vs_CntrStim_significant"	"GeraStim_vs_CntrUS_significant"	"GeraUS_vs_CntrStim_significant"	"GeraUS_vs_CntrUS_significant"	"GeraUS_vs_GeraStim_significant"	"significant"	"CntrUS_vs_CntrStim_ratio"	"FarnStim_vs_CntrStim_ratio"	"FarnStim_vs_CntrUS_ratio"	"FarnStim_vs_GeraStim_ratio"	"FarnStim_vs_GeraUS_ratio"	"FarnUS_vs_CntrStim_ratio"	"FarnUS_vs_CntrUS_ratio"	"FarnUS_vs_FarnStim_ratio"	"FarnUS_vs_GeraStim_ratio"	"FarnUS_vs_GeraUS_ratio"	"GeraStim_vs_CntrStim_ratio"	"GeraStim_vs_CntrUS_ratio"	"GeraUS_vs_CntrStim_ratio"	"GeraUS_vs_CntrUS_ratio"	"GeraUS_vs_GeraStim_ratio"	"CntrStim_centered"	"CntrUS_centered"	"FarnStim_centered"	"FarnUS_centered"	"GeraStim_centered"	"GeraUS_centered"
"ACOX1"	"Q15067"	1.11166133072595e-05	7.41560989302066e-14	1.99889258955205e-09	0.184946890976196	0.386578429303753	2.89025027865488e-11	7.07352649949418e-06	0.00229575970821831	6.70125100922674e-05	0.0190110342090633	9.07584397012433e-15	1.12486261138223e-10	3.14067608251877e-13	1.46165325680838e-08	0.0337207923038033	0.0716	1.08e-11	0.00318	0.91	0.918	0.00106	0.0137	0.238	0.748	0.91	0.00421	0.114	0.0621	0.348	0.675	FALSE	TRUE	TRUE	FALSE	FALSE	TRUE	TRUE	FALSE	FALSE	FALSE	TRUE	FALSE	FALSE	FALSE	FALSE	TRUE	1.59	4.22	2.63	-0.399	0.258	3.23	1.64	-0.991	-1.39	-0.733	4.62	3.03	3.97	2.37	-0.657	-2.94	-1.35	1.28	0.293	1.68	1.03
"ADAM10"	"O14672"	0.585827139586877	1.70256523272564e-10	5.3841945008632e-10	6.08620289771315e-11	1.53434946277851e-12	7.66424488507771e-11	2.35869551733237e-10	0.697043426691493	1.34449647428977e-10	3.10524148204258e-12	1.20580940281688e-17	2.32182436341776e-17	1.32422370300898e-18	2.42171762940725e-18	0.0607547762260902	0.921	9.08e-06	0.0013	0.00239	0.00126	0.00205	5.11e-08	0.902	0.0618	0.0017	3.13e-05	2.77e-05	4.64e-05	8.57e-07	0.744	FALSE	TRUE	TRUE	TRUE	TRUE	TRUE	TRUE	FALSE	FALSE	TRUE	TRUE	TRUE	TRUE	TRUE	FALSE	TRUE	0.0901	1.66	1.57	-1.74	-2.06	1.72	1.63	0.0643	-1.68	-2	3.4	3.31	3.72	3.63	0.32	-1.76	-1.67	-0.107	-0.0425	1.63	1.95
"ARL6IP1"	"Q15041"	0.00149433191406419	1.10796448223632e-08	8.10981245191821e-05	6.51394000791923e-07	1.5317790145372e-07	1.22863798302104e-08	9.12602011935067e-05	0.964561623522265	5.82009909269459e-07	1.37285005522206e-07	4.294521031652e-14	2.06063589651814e-11	1.74212757042588e-14	6.83294704450873e-12	0.564400167782033	0.413	0.000745	0.383	0.182	0.211	0.0366	0.0669	0.919	0.469	0.244	0.00967	0.0716	0.0204	0.0466	0.91	FALSE	TRUE	FALSE	FALSE	FALSE	TRUE	FALSE	FALSE	FALSE	FALSE	TRUE	FALSE	TRUE	TRUE	FALSE	TRUE	1.15	2.66	1.51	-2.11	-2.3	2.64	1.49	-0.0145	-2.13	-2.31	4.77	3.62	4.96	3.81	0.189	-2.7	-1.55	-0.0383	-0.0528	2.07	2.26
"ARL6IP5"	"O75915"	0.019454163803701	4.8693682650311e-10	1.42501693272352e-07	4.00691750890239e-08	1.81616013203217e-08	2.90604000644172e-09	1.10737116068319e-06	0.417701190983819	5.93069580929332e-09	2.78849324962982e-09	1.00496576766116e-15	3.88772332503019e-14	6.34852331786335e-16	2.30758095280075e-14	0.739233803328093	0.713	3.18e-05	0.0388	0.0745	0.122	0.019	0.00302	0.87	0.186	0.0609	0.00104	0.00536	0.00448	0.00283	0.922	FALSE	TRUE	TRUE	FALSE	FALSE	TRUE	TRUE	FALSE	FALSE	FALSE	TRUE	TRUE	TRUE	TRUE	FALSE	TRUE	0.732	2.83	2.1	-2.25	-2.35	2.59	1.86	-0.242	-2.5	-2.59	5.08	4.35	5.18	4.45	0.0988	-2.74	-2	0.0942	-0.148	2.35	2.45
"ARL6IP6"	"Q8N6S5"	0.0122586319688047	0.390424307420292	0.00144169136487427	4.90593772543835e-13	9.94835023429331e-14	0.490274805815789	0.00223737867472971	0.863472168217364	3.65401276489548e-13	7.52456013210932e-14	1.1472197833152e-13	1.95474764278813e-15	2.50750393493445e-14	5.20402045881901e-16	0.345198341422433	0.667	0.891	0.644	3.78e-05	0.00018	0.907	0.292	0.913	0.0035	7.55e-05	0.0147	0.000932	0.024	0.000252	0.884	FALSE	FALSE	FALSE	TRUE	TRUE	FALSE	FALSE	FALSE	TRUE	TRUE	TRUE	TRUE	TRUE	TRUE	FALSE	TRUE	-0.747	0.242	0.989	-3.68	-3.95	0.194	0.941	-0.0482	-3.73	-4	3.92	4.67	4.19	4.94	0.267	-1.3	-2.05	-1.06	-1.11	2.62	2.89
"ATP11B"	"Q9Y2G3"	0.110494973933136	3.0176096796551e-11	8.90169885189052e-10	7.01952909705441e-14	4.00752139208867e-14	3.24400745691923e-12	7.5739725472995e-11	0.24615285517209	4.97336547411833e-13	2.73323126228557e-13	8.26204332797953e-20	4.3611752903283e-19	5.85819622005657e-20	3.02561467286075e-19	0.725823823565976	0.845	8.93e-07	0.00184	3.85e-06	7.12e-05	0.000158	6.44e-09	0.829	0.00407	0.000259	4.74e-08	2.61e-07	1.29e-06	4.15e-08	0.922	FALSE	TRUE	TRUE	TRUE	TRUE	TRUE	TRUE	FALSE	TRUE	TRUE	TRUE	TRUE	TRUE	TRUE	FALSE	TRUE	0.418	2.78	2.37	-3.65	-3.74	3.08	2.67	0.3	-3.35	-3.44	6.44	6.02	6.53	6.11	0.0896	-3.21	-2.79	-0.424	-0.124	3.23	3.32
"ATP1B3"	"P54709"	0.936201194617604	1.81585460783288e-08	2.19303962887894e-08	3.40200340129052e-10	1.07326151583097e-08	0.000698634768310306	0.000860612298813495	0.00030914298796869	1.51670751355746e-13	2.24250640403967e-12	5.04486466670778e-16	5.62447628096425e-16	4.5264454474597e-15	5.09115916197126e-15	0.128182308305053	0.937	0.00116	0.0147	0.00699	0.104	0.623	0.197	0.0904	0.00221	0.00135	0.000707	0.000423	0.0114	0.00107	0.815	FALSE	TRUE	TRUE	TRUE	FALSE	FALSE	FALSE	FALSE	TRUE	TRUE	TRUE	TRUE	TRUE	TRUE	FALSE	TRUE	0.0113	1.12	1.11	-1.37	-1.15	0.537	0.526	-0.581	-1.95	-1.73	2.49	2.48	2.27	2.26	-0.219	-1.07	-1.06	0.0478	-0.533	1.42	1.2
"BAX"	"Q07812"	0.0303093763094447	6.66071736792443e-09	1.70236279663624e-06	2.42638051011879e-05	6.42726898602769e-08	1.99089230582729e-09	4.35472325801996e-07	0.59378055772706	0.000100412311102605	2.3919177602555e-07	2.91558543118194e-13	1.7685818060743e-11	7.29258730317989e-15	2.66361117520087e-13	0.0269313464905796	0.753	0.00047	0.117	0.437	0.17	0.0159	0.0013	0.892	0.764	0.287	0.0219	0.0685	0.0141	0.0112	0.646	FALSE	TRUE	FALSE	FALSE	FALSE	TRUE	TRUE	FALSE	FALSE	FALSE	TRUE	FALSE	TRUE	TRUE	FALSE	TRUE	0.509	1.88	1.37	-1.14	-1.66	2	1.49	0.12	-1.02	-1.54	3.01	2.51	3.54	3.03	0.521	-1.82	-1.31	0.0538	0.174	1.19	1.71
"C18orf32"	"Q8TCD1"	0.0914416256807298	9.65515795822255e-18	8.04556565573448e-17	0.683624204163078	0.364444360487609	3.94717292374945e-17	3.69215856782246e-16	0.249016093260632	0.123670721412525	0.0454123842715447	6.00133882785702e-18	4.81524672710111e-17	3.36578742783779e-18	2.58125994832665e-17	0.613654783360052	0.834	4.64e-14	7.23e-14	0.937	0.917	3.24e-12	3.41e-14	0.83	0.927	0.925	1.51e-05	5.25e-05	0.000107	1.48e-05	0.914	FALSE	TRUE	TRUE	FALSE	FALSE	TRUE	TRUE	FALSE	FALSE	FALSE	TRUE	TRUE	TRUE	TRUE	FALSE	TRUE	0.523	6.26	5.74	-0.123	-0.275	5.91	5.38	-0.352	-0.475	-0.627	6.38	5.86	6.53	6.01	0.152	-4.27	-3.74	1.99	1.64	2.11	2.27
"CANX"	"P27824"	0.48403212207817	0.00289543270093586	0.000472175015609067	4.89476677950334e-11	2.07420925404648e-12	0.00580364053710787	0.000980321034218728	0.779745500346886	2.81366029126218e-11	1.25671251548432e-12	1.3296307449827e-13	4.26886896155454e-14	9.66002047747086e-15	3.4168818882025e-15	0.104699423709067	0.914	0.523	0.549	0.00207	0.0015	0.749	0.208	0.908	0.035	0.000899	0.0156	0.00561	0.0158	0.000832	0.797	FALSE	FALSE	FALSE	TRUE	TRUE	FALSE	FALSE	FALSE	TRUE	TRUE	TRUE	TRUE	TRUE	TRUE	FALSE	TRUE	-0.0613	0.284	0.345	-0.929	-1.07	0.259	0.321	-0.0244	-0.953	-1.1	1.21	1.27	1.36	1.42	0.145	-0.509	-0.57	-0.225	-0.249	0.704	0.849
"CD38"	"P28907"	0.724679115237599	6.35742037874451e-10	3.00033376064246e-10	4.19904394430313e-05	0.00069380020390939	2.27956586223926e-08	9.98268252504752e-09	0.121688497310854	6.71499174163269e-07	1.04782849727638e-05	7.15986894771495e-14	4.07621203711529e-14	4.17065712923165e-13	2.2941878821106e-13	0.294172973951932	0.929	4.27e-05	0.00085	0.484	0.732	0.0478	1.62e-05	0.762	0.48	0.6	0.0121	0.00548	0.0677	0.0104	0.875	FALSE	TRUE	TRUE	FALSE	FALSE	TRUE	TRUE	FALSE	FALSE	FALSE	TRUE	TRUE	FALSE	TRUE	FALSE	TRUE	-0.0834	2.23	2.31	-1.15	-0.903	1.85	1.94	-0.375	-1.53	-1.28	3.38	3.47	3.13	3.22	-0.251	-1.75	-1.84	0.477	0.102	1.63	1.38
"CD3D"	"P04234"	0.00235897185740459	2.18900796022279e-08	0.000109105114792224	1.11962279824524e-06	6.8783526638555e-13	4.01646511259048e-11	6.20505144474909e-08	0.00696164488604884	0.00226594058771237	1.71306895095178e-10	9.63827128424253e-14	3.89212976475357e-11	9.46524595460019e-18	6.50900701766748e-16	3.77063804815284e-07	0.471	0.00136	0.411	0.211	0.000747	0.00135	0.00016	0.358	0.859	0.0179	0.0138	0.0858	0.000281	0.000291	0.000855	FALSE	TRUE	FALSE	FALSE	TRUE	TRUE	TRUE	FALSE	FALSE	TRUE	TRUE	FALSE	TRUE	TRUE	TRUE	TRUE	0.47	1.1	0.635	-0.881	-1.82	1.51	1.04	0.409	-0.472	-1.41	1.99	1.52	2.93	2.46	0.941	-1.33	-0.864	-0.228	0.18	0.652	1.59
"CD44"	"P16070"	0.00400822562542653	7.39461344795115e-08	7.07974072030669e-11	7.67936201423046e-11	0.00460121637122948	0.113794069618762	5.86101692046479e-05	4.44550586102407e-06	4.09754720545308e-15	2.49751500588982e-09	4.21759648570555e-16	8.3349978488845e-18	7.92208472757476e-11	2.45935673555725e-13	7.12351420942619e-08	0.538	0.00362	0.000244	0.00278	0.808	0.867	0.0519	0.0044	1e-04	0.0585	0.000647	1.05e-05	0.237	0.0108	0.000128	FALSE	TRUE	TRUE	TRUE	FALSE	FALSE	FALSE	TRUE	TRUE	FALSE	TRUE	TRUE	FALSE	TRUE	TRUE	TRUE	-0.614	1.44	2.06	-2.05	-0.604	0.318	0.933	-1.12	-3.17	-1.73	3.49	4.11	2.05	2.66	-1.45	-1.11	-1.73	0.329	-0.796	2.38	0.932
"CD47"	"Q08722"	0.00627573248662674	0.000188997393797711	0.180853472257983	1.86976586453943e-10	8.40461647802397e-12	5.98472346285352e-05	0.0815365168867326	0.665513009139604	4.65350960310388e-10	1.92491893012268e-11	7.02022397327172e-14	1.23798022711607e-11	6.24174273850191e-15	7.10238694434731e-13	0.126028526860756	0.592	0.233	0.894	0.00477	0.0038	0.434	0.75	0.899	0.0903	0.00551	0.012	0.0615	0.0132	0.018	0.814	FALSE	FALSE	FALSE	TRUE	TRUE	FALSE	FALSE	FALSE	FALSE	TRUE	TRUE	FALSE	TRUE	TRUE	FALSE	TRUE	1.13	1.65	0.522	-3.83	-4.43	1.82	0.688	0.166	-3.67	-4.27	5.48	4.35	6.08	4.95	0.6	-2.69	-1.56	-1.04	-0.877	2.79	3.39
"CD5"	"P06127"	6.20171545671499e-06	6.01134551420447e-06	0.99050603816601	1.24583622479459e-09	6.43599751452228e-12	4.33453314072843e-09	0.00614254483166671	0.00632354223671326	1.40886527071056e-06	2.69175544818581e-09	3.62835413833e-14	1.21375201388789e-09	7.92316624886713e-16	6.29423390565316e-12	0.0144860974612191	0.0555	0.0589	0.939	0.0144	0.00323	0.0229	0.427	0.347	0.532	0.0602	0.00891	0.196	0.00497	0.0452	0.559	FALSE	FALSE	FALSE	TRUE	TRUE	TRUE	FALSE	FALSE	FALSE	FALSE	TRUE	FALSE	TRUE	TRUE	FALSE	TRUE	0.881	0.883	0.00187	-1.43	-1.84	1.35	0.465	0.463	-0.971	-1.38	2.32	1.44	2.73	1.84	0.409	-1.36	-0.478	-0.476	-0.0127	0.958	1.37
"CD53"	"P19397"	4.23919639665725e-05	1.4807343196395e-10	1.58432127597525e-05	0.00529827827752476	0.000205462324840655	1.3255740813018e-10	1.37465128237126e-05	0.95714203013013	0.00604438051454151	0.00023686346191705	5.01686539960794e-13	8.5328916943058e-09	6.16136544432739e-14	5.16334312958973e-10	0.214128734799437	0.127	7.69e-06	0.246	0.8	0.671	0.00297	0.0218	0.919	0.88	0.783	0.0279	0.283	0.0349	0.165	0.854	FALSE	TRUE	FALSE	FALSE	FALSE	TRUE	TRUE	FALSE	FALSE	FALSE	TRUE	FALSE	TRUE	FALSE	FALSE	TRUE	2.78	5.77	2.99	-1.72	-2.44	5.8	3.02	0.0306	-1.69	-2.41	7.49	4.71	8.2	5.43	0.719	-5.01	-2.23	0.761	0.792	2.48	3.2
"CD63"	"P08962"	0.905912221765237	6.64244933851792e-16	7.81327929175362e-16	5.3135124099049e-13	1.6862916459555e-08	5.34779464330709e-11	6.78050244188306e-11	2.62427948472681e-07	2.691687827812e-17	3.22567150519391e-14	6.82221986983717e-22	7.52085538069751e-22	6.78648465794298e-20	7.62046970344571e-20	2.13135967170324e-05	0.936	4.64e-14	4.28e-12	4.08e-05	0.12	0.00164	5.19e-09	0.000264	1.71e-07	3.38e-05	8.48e-12	1.38e-12	1.41e-06	5.53e-09	0.0273	FALSE	TRUE	TRUE	TRUE	FALSE	TRUE	TRUE	TRUE	TRUE	TRUE	TRUE	TRUE	TRUE	TRUE	TRUE	TRUE	0.029	4.28	4.25	-3.21	-1.96	2.61	2.58	-1.68	-4.89	-3.63	7.5	7.47	6.24	6.21	-1.26	-3.44	-3.41	0.841	-0.837	4.06	2.8
"CD69"	"Q07108"	0.00403642862393389	9.21675828606e-10	1.88913005136426e-12	2.65515926431464e-06	6.68260458977784e-10	0.0367873275436068	0.348893437323871	1.08611585881987e-11	7.53702698768171e-16	0.0504116366542121	1.79689149809916e-14	2.11570198425936e-16	0.881982913295359	0.00582312723717349	1.43131316163825e-14	0.539	6.36e-05	4.24e-06	0.26	0.0382	0.829	0.863	1.54e-12	1.57e-05	0.926	0.00612	0.000207	0.941	0.886	1.56e-13	FALSE	TRUE	TRUE	FALSE	TRUE	FALSE	FALSE	TRUE	TRUE	FALSE	TRUE	TRUE	FALSE	FALSE	TRUE	TRUE	-0.956	2.83	3.78	-1.81	2.87	-0.667	0.289	-3.49	-5.31	-0.621	4.64	5.59	-0.0454	0.91	-4.68	-0.967	-1.92	1.86	-1.63	3.67	-1.01
"CD81"	"P60033"	0.405883656158986	1.02938918826852e-12	4.67465794584216e-12	1.78301333567873e-06	4.61889368209314e-05	2.60817933937943e-11	1.3997173478535e-10	0.0908814964934438	2.39212683714693e-08	4.97247594075415e-07	1.11254056685492e-16	3.32927724328821e-16	5.72934728370876e-16	1.83437594263039e-15	0.22204328951652	0.908	2.86e-09	1.28e-05	0.236	0.58	0.000984	2.05e-08	0.728	0.25	0.348	0.000261	0.000297	0.00426	0.000564	0.857	FALSE	TRUE	TRUE	FALSE	FALSE	TRUE	TRUE	FALSE	FALSE	FALSE	TRUE	TRUE	TRUE	TRUE	FALSE	TRUE	0.287	4.36	4.07	-2.08	-1.66	3.77	3.48	-0.597	-2.68	-2.26	6.45	6.16	6.02	5.73	-0.425	-3.48	-3.19	0.881	0.285	2.97	2.54
"CD82"	"P27701"	3.43203447583143e-05	4.56288958088235e-13	2.6311767385354e-16	0.000208587903982774	0.951371462720112	2.06016378893647e-07	4.67096028198922e-12	1.13289124417304e-06	6.39780133203664e-11	1.32465826862668e-06	6.57123165630694e-16	1.53057628279834e-18	5.06757731102711e-13	2.85290809793694e-16	0.000177471942272097	0.118	5.84e-10	2.69e-13	0.612	0.935	0.11	1.48e-11	0.00123	0.0473	0.432	0.000797	1.28e-06	0.0717	0.00017	0.0972	FALSE	TRUE	TRUE	FALSE	FALSE	FALSE	TRUE	TRUE	TRUE	FALSE	TRUE	TRUE	FALSE	TRUE	FALSE	TRUE	-1.91	5.08	6.98	-1.64	0.0235	2.67	4.57	-2.41	-4.05	-2.38	6.72	8.63	5.05	6.96	-1.67	-2.93	-4.84	2.14	-0.267	3.78	2.12
"CDC42"	"P60953"	0.143315167874817	5.92505677531321e-06	0.000309865936901212	5.85232280108847e-09	1.77672172894153e-10	3.72983119096847e-08	1.53588203260242e-06	0.0523119627066584	7.66129955083119e-07	1.51538536291076e-08	1.09023753670461e-13	1.40004876237022e-12	8.83921612068066e-15	9.13133296110909e-14	0.117554286243538	0.86	0.0585	0.51	0.033	0.0215	0.0583	0.00393	0.658	0.489	0.113	0.0145	0.0274	0.0152	0.00654	0.808	FALSE	FALSE	FALSE	TRUE	TRUE	FALSE	TRUE	FALSE	FALSE	FALSE	TRUE	TRUE	TRUE	TRUE	FALSE	TRUE	0.521	1.96	1.44	-2.94	-3.5	2.66	2.14	0.703	-2.24	-2.79	4.9	4.38	5.46	4.93	0.559	-2.58	-2.06	-0.624	0.0792	2.31	2.87
"CERS2"	"Q96G23"	0.0278963356835867	8.34025449817533e-08	3.09136408184303e-05	1.51675644962732e-06	2.98728869238749e-06	3.96834130994517e-06	0.00172527164100704	0.135005980011714	3.40570255294579e-08	6.39797104853133e-08	2.95976342466919e-13	1.93525982189707e-11	4.62801093940705e-13	3.23034342701608e-11	0.79333591605819	0.746	0.00397	0.294	0.228	0.381	0.255	0.26	0.773	0.269	0.19	0.022	0.0703	0.0698	0.0778	0.925	FALSE	TRUE	FALSE	FALSE	FALSE	FALSE	FALSE	FALSE	FALSE	FALSE	TRUE	FALSE	FALSE	FALSE	FALSE	TRUE	0.987	3.12	2.13	-2.63	-2.51	2.47	1.48	-0.654	-3.28	-3.17	5.75	4.76	5.64	4.65	-0.112	-2.99	-2.01	0.128	-0.526	2.76	2.64
"CERS5"	"Q8N5B7"	0.627103706365656	3.05224383422288e-06	1.09202535907579e-05	1.37183001729089e-08	1.25495842222594e-08	1.24177694647933e-05	4.50991204584611e-05	0.593219099742789	4.0015414101514e-09	3.67076464903899e-09	1.31534776768279e-13	2.96543397827597e-13	1.23532544017341e-13	2.78016730942646e-13	0.969562949685375	0.924	0.0412	0.22	0.0482	0.109	0.329	0.0444	0.892	0.168	0.067	0.0155	0.0138	0.0447	0.0114	0.934	FALSE	TRUE	FALSE	TRUE	FALSE	FALSE	TRUE	FALSE	FALSE	FALSE	TRUE	TRUE	TRUE	TRUE	FALSE	TRUE	0.136	1.64	1.5	-2.25	-2.26	1.49	1.35	-0.149	-2.4	-2.41	3.88	3.75	3.9	3.76	0.0106	-1.84	-1.7	-0.203	-0.352	2.04	2.05
"CLDND1"	"Q9NY35"	0.0140424263436947	2.9324483618533e-08	2.1775977609195e-05	1.42204435729697e-12	1.3054103477052e-12	7.31064569051229e-09	4.56380141105457e-06	0.55405255515073	4.17651203571573e-12	3.82227967030867e-12	1.78832367125459e-17	4.99293468910786e-16	1.68804828625722e-17	4.67837500539297e-16	0.961666391043858	0.681	0.00172	0.268	0.000114	0.00113	0.0291	0.00982	0.888	0.014	0.00194	4.63e-05	0.000393	0.000459	0.000237	0.933	FALSE	TRUE	FALSE	TRUE	TRUE	TRUE	TRUE	FALSE	TRUE	TRUE	TRUE	TRUE	TRUE	TRUE	FALSE	TRUE	0.805	2.39	1.58	-3.87	-3.88	2.57	1.76	0.183	-3.69	-3.7	6.25	5.45	6.27	5.46	0.0148	-3.05	-2.24	-0.661	-0.478	3.21	3.22
"CLTCL1"	"P53675"	0.590581783251222	0.0462845610675714	0.133635900205663	1.87760943248161e-18	4.74028414632376e-19	0.0429546180348678	0.125296784175602	0.971832286859739	1.9524806825448e-18	4.91975222909536e-19	2.07606714702666e-19	3.6199791469061e-19	5.82435615852935e-20	9.89577322963007e-20	0.209001242009335	0.922	0.777	0.884	1.35e-13	3.12e-13	0.834	0.789	0.919	2.55e-09	9.65e-14	1.77e-07	2.18e-07	1.28e-06	7.46e-09	0.852	FALSE	FALSE	FALSE	TRUE	TRUE	FALSE	FALSE	FALSE	TRUE	TRUE	TRUE	TRUE	TRUE	TRUE	FALSE	TRUE	0.0993	0.382	0.282	-4.09	-4.33	0.388	0.289	0.0065	-4.08	-4.32	4.47	4.37	4.71	4.61	0.235	-1.67	-1.58	-1.29	-1.29	2.8	3.03
"CNP"	"P09543"	0.759748532277863	1.0169984444558e-05	2.28298186365485e-05	3.1133725342318e-11	4.3621348287988e-13	5.22005656348117e-08	1.09870353039408e-07	0.0455847114534364	2.45060941091455e-09	1.93735626634463e-11	3.35700637255169e-15	5.25135491526419e-15	1.39219414938288e-16	2.07516989315537e-16	0.0269399851982271	0.93	0.0752	0.271	0.00149	0.000581	0.066	0.000306	0.638	0.147	0.00553	0.00233	0.00167	0.00182	0.000133	0.646	FALSE	FALSE	FALSE	TRUE	TRUE	FALSE	TRUE	FALSE	FALSE	TRUE	TRUE	TRUE	TRUE	TRUE	FALSE	TRUE	0.0705	1.25	1.18	-2.51	-3.04	1.73	1.66	0.479	-2.03	-2.56	3.76	3.69	4.29	4.22	0.535	-1.85	-1.78	-0.602	-0.122	1.91	2.44
"COMT"	"P21964"	0.241850965466722	3.13731144781084e-10	4.20255703588384e-09	5.92360581970324e-09	2.14005622383698e-08	7.51538435317756e-09	1.26609488834629e-07	0.157765014648111	2.52247064210283e-10	8.19237520431789e-10	2.51016756932156e-16	1.26165603854505e-15	5.26404150948326e-16	2.76606905706628e-15	0.581666982185344	0.886	1.91e-05	0.0052	0.0332	0.128	0.0295	0.000357	0.789	0.0759	0.0371	0.000477	0.000723	0.00408	0.000725	0.912	FALSE	TRUE	TRUE	TRUE	FALSE	TRUE	TRUE	FALSE	FALSE	TRUE	TRUE	TRUE	TRUE	TRUE	FALSE	TRUE	0.169	1.39	1.22	-1.2	-1.12	1.19	1.02	-0.205	-1.41	-1.33	2.59	2.42	2.51	2.34	-0.0788	-1.31	-1.14	0.0827	-0.123	1.28	1.2
"CYB561A3"	"Q8NBI2"	0.439382329134592	0.00012242402530481	1.55424376607953e-05	1.43108698719746e-09	1.89509447188477e-09	9.94453019513949e-05	1.26402653706808e-05	0.937610242443741	1.70097344459951e-09	2.25549168499512e-09	2.57048843774461e-13	7.13296405891687e-14	3.1863766001103e-13	8.76138463008575e-14	0.898912856571886	0.911	0.202	0.244	0.0155	0.0585	0.476	0.0206	0.918	0.132	0.0564	0.0207	0.00708	0.0623	0.00639	0.931	FALSE	FALSE	FALSE	TRUE	FALSE	FALSE	TRUE	FALSE	FALSE	FALSE	TRUE	TRUE	FALSE	TRUE	FALSE	TRUE	-0.253	1.45	1.7	-2.94	-2.9	1.48	1.73	0.0254	-2.91	-2.87	4.39	4.64	4.35	4.6	-0.0413	-1.9	-2.16	-0.451	-0.425	2.49	2.45
"CYB5B"	"O43169"	0.711517798911397	3.747576367916e-14	6.76141798098393e-14	0.036836164956431	0.0197604846018765	8.17174483810036e-14	1.4982780088658e-13	0.62662203522126	0.0994035598104101	0.0569552536326192	1.45284641313449e-12	2.83350770208826e-12	2.4079310129069e-12	4.74903506501861e-12	0.779003347339977	0.928	2.27e-12	3.73e-08	0.869	0.852	2.99e-06	3.41e-14	0.895	0.925	0.928	0.0433	0.036	0.11	0.0406	0.925	FALSE	TRUE	TRUE	FALSE	FALSE	TRUE	TRUE	FALSE	FALSE	FALSE	TRUE	TRUE	FALSE	TRUE	FALSE	TRUE	0.112	4.44	4.33	0.659	0.744	4.3	4.18	-0.147	0.511	0.596	3.78	3.67	3.7	3.59	-0.0849	-2.72	-2.61	1.72	1.57	1.06	0.977
"CYB5R3"	"P00387"	0.463516785978608	0.000194181456540864	2.74445642746246e-05	4.24553919652469e-12	5.11109762435362e-12	0.000758337794721254	0.000108591315492941	0.605495984577338	1.65462458260537e-12	1.98083118130412e-12	3.70356825549407e-15	1.29248123202185e-15	4.28614650058625e-15	1.48781412821826e-15	0.920253044133162	0.913	0.235	0.284	0.000299	0.00279	0.629	0.0736	0.893	0.00839	0.00124	0.00247	0.000734	0.0111	0.000498	0.932	FALSE	FALSE	FALSE	TRUE	TRUE	FALSE	FALSE	FALSE	TRUE	TRUE	TRUE	TRUE	TRUE	TRUE	FALSE	TRUE	-0.0891	0.52	0.609	-1.44	-1.43	0.457	0.546	-0.0626	-1.51	-1.49	1.96	2.05	1.95	2.04	-0.0121	-0.8	-0.889	-0.28	-0.343	1.16	1.15
"DHCR24"	"Q15392"	0.157459537304502	1.00333172034742e-08	4.07929798094915e-10	0.000279142788680183	0.0149788441522385	0.000155435264648086	3.44482377316559e-06	0.000709287902939271	1.68087217520772e-08	8.06682880011242e-07	1.98436349306227e-12	1.63950069779191e-13	3.93067949848699e-11	2.54625564430448e-12	0.122872546490221	0.865	0.00068	0.00107	0.633	0.845	0.511	0.0078	0.141	0.232	0.389	0.0487	0.0106	0.208	0.0314	0.811	FALSE	TRUE	TRUE	FALSE	FALSE	FALSE	TRUE	FALSE	FALSE	FALSE	TRUE	TRUE	FALSE	TRUE	FALSE	TRUE	-0.357	2.03	2.39	-1.03	-0.64	1.09	1.44	-0.944	-1.98	-1.58	3.06	3.42	2.67	3.03	-0.392	-1.42	-1.77	0.615	-0.329	1.65	1.25
"DNAJC5"	"Q9H3Z4"	0.284560653809678	9.96334681815102e-10	1.01621361469257e-10	0.000247180286146401	0.000853119192449204	1.37128112142544e-08	1.1840989483549e-09	0.25165727021833	1.13714999316859e-05	3.96605037570721e-05	3.04270894715816e-13	5.13725090728242e-14	6.84201253140473e-13	1.10117972201217e-13	0.637713210266167	0.893	6.89e-05	0.00034	0.624	0.742	0.0384	7.18e-07	0.831	0.662	0.69	0.0222	0.00613	0.0778	0.00725	0.916	FALSE	TRUE	TRUE	FALSE	FALSE	TRUE	TRUE	FALSE	FALSE	FALSE	TRUE	TRUE	FALSE	TRUE	FALSE	TRUE	-0.59	5.03	5.62	-2.3	-2.04	4.39	4.98	-0.634	-2.93	-2.67	7.32	7.91	7.07	7.66	-0.257	-3.87	-4.46	1.16	0.524	3.45	3.2
"DPAGT1"	"Q9H3H5"	0.0484522947902926	2.95741291731247e-11	2.16691781949749e-09	1.66803273652698e-07	8.61310515232306e-07	7.15389081056619e-06	0.00159411079970164	1.13353293987507e-05	1.86146799626322e-12	6.17178790769773e-12	3.46303364767168e-16	6.2188867763225e-15	8.41850992222127e-16	1.66590942287271e-14	0.515165683838058	0.79	8.69e-07	0.00335	0.122	0.299	0.292	0.252	0.00954	0.00895	0.00269	0.000581	0.00183	0.0051	0.00232	0.906	FALSE	TRUE	TRUE	FALSE	FALSE	FALSE	FALSE	TRUE	TRUE	TRUE	TRUE	TRUE	TRUE	TRUE	FALSE	TRUE	0.571	3.04	2.47	-1.95	-1.77	1.54	0.972	-1.49	-3.44	-3.26	4.99	4.42	4.81	4.23	-0.182	-2.49	-1.92	0.546	-0.948	2.5	2.32
"DPP4"	"P27487"	2.33223675355094e-05	5.30374016597523e-07	0.153491659688197	7.16150824743092e-07	2.27614982629852e-10	1.86692898397606e-09	0.000660875629339971	0.023898020215319	0.000366832247796468	4.75119422680137e-08	6.41850609595641e-13	2.01233930505226e-08	2.65942487941762e-15	1.23810473714821e-11	0.00168050309767828	0.101	0.0146	0.889	0.187	0.0242	0.0154	0.177	0.541	0.81	0.171	0.031	0.323	0.00878	0.0573	0.259	FALSE	TRUE	FALSE	FALSE	TRUE	TRUE	FALSE	FALSE	FALSE	FALSE	TRUE	FALSE	TRUE	FALSE	FALSE	TRUE	0.81	1.04	0.232	-1.02	-1.58	1.42	0.609	0.378	-0.645	-1.2	2.06	1.25	2.62	1.81	0.552	-1.33	-0.515	-0.284	0.0941	0.739	1.29
"EBP"	"Q15125"	0.000285207721351694	4.78657769161403e-09	0.00016590176477353	5.77684375603206e-07	6.11599097300551e-08	4.77163843601048e-09	0.000165298307137482	0.998903347201597	5.79698374207434e-07	6.13636805825667e-08	2.24998646858779e-14	3.18231472372107e-11	5.7074570669091e-15	5.60387851175076e-12	0.368522673914596	0.256	0.00035	0.451	0.176	0.168	0.0239	0.0917	0.921	0.469	0.187	0.00695	0.0812	0.0127	0.0433	0.888	FALSE	TRUE	FALSE	FALSE	FALSE	TRUE	FALSE	FALSE	FALSE	FALSE	TRUE	FALSE	TRUE	TRUE	FALSE	TRUE	1.09	2.22	1.14	-1.7	-1.94	2.22	1.14	0.000359	-1.7	-1.94	3.93	2.84	4.17	3.08	0.237	-2.27	-1.19	-0.0469	-0.0466	1.66	1.89
"ELOVL1"	"Q9BW60"	0.00149993366199043	2.50404431477831e-09	1.4318206159625e-05	6.19232460788382e-06	3.06031642590856e-06	3.72910636506484e-09	2.28793781089982e-05	0.859398367661236	3.89691367413407e-06	1.93386113184911e-06	6.09803763213817e-14	3.15881147651821e-11	3.96679342822904e-14	1.86434535835609e-11	0.7872681055555	0.414	0.000186	0.239	0.319	0.383	0.0213	0.0298	0.913	0.599	0.464	0.0113	0.0811	0.0293	0.0655	0.925	FALSE	TRUE	FALSE	FALSE	FALSE	TRUE	TRUE	FALSE	FALSE	FALSE	TRUE	FALSE	TRUE	FALSE	FALSE	TRUE	1.37	3.43	2.06	-2.18	-2.29	3.36	1.99	-0.069	-2.25	-2.35	5.61	4.24	5.71	4.34	0.105	-3.25	-1.88	0.181	0.112	2.36	2.47
"EMP3"	"P54852"	0.00111493974839449	1.8140405643696e-09	1.32379993026387e-05	7.48465703337455e-08	3.4179169755903e-09	2.3433970906844e-09	1.79447693357308e-05	0.908352551976258	5.66244201770602e-08	2.63894677692177e-09	3.42425241312683e-15	1.15374529993823e-12	5.3850364172352e-16	1.22042418657728e-13	0.195136331902176	0.379	0.000132	0.233	0.093	0.0721	0.0172	0.0258	0.916	0.298	0.0597	0.00236	0.0254	0.00412	0.00766	0.848	FALSE	TRUE	FALSE	FALSE	FALSE	TRUE	TRUE	FALSE	FALSE	FALSE	TRUE	TRUE	TRUE	TRUE	FALSE	TRUE	1.42	3.51	2.08	-2.88	-3.39	3.46	2.04	-0.0451	-2.92	-3.44	6.38	4.96	6.9	5.48	0.516	-3.61	-2.19	-0.107	-0.152	2.77	3.29
"EPHX2"	"P34913"	0.0595030586756884	4.32477312765242e-11	2.66776060457532e-09	3.84560219777349e-07	4.35719880938506e-07	9.62953434477156e-12	4.91049225495415e-10	0.441840425646959	2.77775151141302e-06	3.15998225398406e-06	7.07599455719586e-16	1.1813949745319e-14	7.57546563108019e-16	1.27383039849988e-14	0.960412767655462	0.805	1.45e-06	0.00388	0.156	0.262	0.000431	1.72e-07	0.874	0.578	0.505	0.000821	0.00277	0.00487	0.00198	0.933	FALSE	TRUE	TRUE	FALSE	FALSE	TRUE	TRUE	FALSE	FALSE	FALSE	TRUE	TRUE	TRUE	TRUE	FALSE	TRUE	0.551	3.02	2.47	-1.88	-1.87	3.24	2.69	0.218	-1.67	-1.65	4.91	4.36	4.89	4.34	-0.014	-2.77	-2.22	0.254	0.472	2.14	2.12
"F11R"	"Q9Y624"	0.00613206785729868	9.9434029701117e-09	1.61178277209313e-05	9.43533144549113e-10	1.25743433639923e-11	8.32964021861409e-09	1.31661778368598e-05	0.938957112934212	1.11511086466098e-09	1.4563013101085e-11	6.78690982709423e-16	5.37314002293512e-14	4.3066696957723e-17	2.20241078281969e-15	0.0423700312020379	0.59	0.000675	0.247	0.0123	0.00492	0.0309	0.0212	0.918	0.115	0.00467	0.000807	0.00626	0.000888	0.000622	0.703	FALSE	TRUE	FALSE	TRUE	TRUE	TRUE	TRUE	FALSE	FALSE	TRUE	TRUE	TRUE	TRUE	TRUE	FALSE	TRUE	0.647	1.79	1.15	-2.02	-2.48	1.81	1.16	0.0168	-2	-2.47	3.81	3.17	4.28	3.63	0.463	-2.06	-1.41	-0.264	-0.247	1.76	2.22
"FAM134A"	"Q8NC44"	0.827684376176363	5.22544778693871e-06	2.96202450581341e-06	1.73923116051872e-08	8.71583895028199e-10	0.00155382454200569	0.000885425563355616	0.0383742135231969	1.48128782582726e-10	1.07360043133366e-11	2.19210804139535e-13	1.52536198993921e-13	2.58186476742893e-14	1.84288516771968e-14	0.192843591083251	0.933	0.055	0.144	0.0535	0.0428	0.675	0.2	0.613	0.0639	0.00385	0.0194	0.0102	0.0243	0.00246	0.847	FALSE	FALSE	FALSE	FALSE	TRUE	FALSE	FALSE	FALSE	FALSE	TRUE	TRUE	TRUE	TRUE	TRUE	FALSE	TRUE	-0.0645	1.68	1.74	-2.36	-2.75	1.04	1.1	-0.641	-3	-3.39	4.04	4.1	4.43	4.49	0.392	-1.85	-1.92	-0.174	-0.815	2.18	2.58
"GBP2"	"P32456"	0.0089846277402883	0.00116775282155928	7.57657310286872e-07	7.12469050428642e-12	4.93157249416274e-09	0.145199972295547	0.000200767843177774	0.0413272160758984	1.66645450973212e-13	5.25447021973785e-11	1.55652732805228e-14	2.88218180293736e-16	3.05581056887338e-12	2.71143021509366e-14	0.00372995171979032	0.633	0.421	0.0838	0.000451	0.0814	0.874	0.102	0.624	0.00234	0.00984	0.00568	0.000266	0.117	0.00314	0.353	FALSE	FALSE	FALSE	TRUE	FALSE	FALSE	FALSE	FALSE	TRUE	TRUE	TRUE	TRUE	FALSE	TRUE	FALSE	TRUE	-0.714	0.922	1.64	-2.97	-2.17	0.379	1.09	-0.542	-3.51	-2.71	3.89	4.61	3.09	3.8	-0.805	-1.26	-1.98	-0.34	-0.882	2.63	1.83
"GBP5"	"Q96PP8"	0.269181161385272	0.00475965995379208	0.0608846839411033	3.86065972155207e-10	3.77495610264765e-12	1.95465918308481e-05	0.000379128241752111	0.0433480546437836	4.50778195464393e-08	2.34721732268155e-10	1.03338823230088e-12	7.94442894030655e-12	2.16171212862448e-14	1.28795389301785e-13	0.0259331741945026	0.89	0.577	0.857	0.00752	0.00229	0.359	0.139	0.631	0.285	0.0211	0.0378	0.0531	0.0225	0.00788	0.641	FALSE	FALSE	FALSE	TRUE	TRUE	FALSE	FALSE	FALSE	FALSE	TRUE	TRUE	FALSE	TRUE	TRUE	FALSE	TRUE	0.346	0.946	0.6	-2.99	-3.71	1.6	1.25	0.651	-2.34	-3.06	3.93	3.59	4.66	4.31	0.724	-1.91	-1.57	-0.967	-0.316	2.02	2.74
"GHITM"	"Q9H3K2"	3.76162364757287e-07	5.22005453031882e-16	2.83377395465181e-11	3.62295503729281e-08	1.12916728030829e-06	6.41323394446026e-14	3.34214044838605e-08	0.00289164333824068	3.02810070319648e-11	5.21668561824116e-10	7.83143819475835e-20	1.47176477563539e-16	3.17711215645061e-19	9.45911014904952e-16	0.173188561315744	0.00934	4.64e-14	1e-04	0.0718	0.314	2.22e-06	7.59e-05	0.261	0.036	0.0302	4.5e-08	0.000151	9.58e-06	0.000368	0.839	TRUE	TRUE	TRUE	FALSE	FALSE	TRUE	TRUE	FALSE	TRUE	TRUE	TRUE	TRUE	TRUE	TRUE	FALSE	TRUE	1.75	4.61	2.86	-2	-1.64	3.76	2.01	-0.852	-2.85	-2.49	6.61	4.86	6.25	4.5	-0.363	-3.83	-2.08	0.781	-0.0712	2.78	2.42
"GNAI2"	"P04899"	0.000301759579824799	7.2267431772554e-06	0.166744417260633	1.08177327584432e-10	3.34926673328336e-07	1.24956197526227e-07	0.00549297192493628	0.12010218213279	3.29937794653292e-09	2.05957991513501e-05	6.90572083080434e-15	6.84758282954153e-12	2.26552977880482e-12	1.11081018830653e-08	0.00144483815979712	0.261	0.0644	0.891	0.00347	0.249	0.0917	0.411	0.76	0.16	0.647	0.0036	0.0504	0.109	0.329	0.243	FALSE	FALSE	FALSE	TRUE	FALSE	FALSE	FALSE	FALSE	FALSE	FALSE	TRUE	FALSE	FALSE	FALSE	FALSE	TRUE	0.559	0.749	0.191	-1.39	-0.911	0.964	0.406	0.215	-1.17	-0.695	2.14	1.58	1.66	1.1	-0.477	-1.01	-0.453	-0.262	-0.0472	1.13	0.648
"GNG2"	"P59768"	0.190013149962595	1.52063880860453e-07	4.51905352328669e-06	5.24465201552923e-11	4.80944698113816e-12	8.12905319102166e-10	1.64636222695565e-08	0.0312367478199934	6.61575785228025e-09	4.26456309008653e-10	4.85876656637859e-16	3.13897638412607e-15	9.50958857273416e-17	5.50921012064227e-16	0.22161464158558	0.874	0.00627	0.166	0.00217	0.00269	0.00979	3.12e-05	0.583	0.191	0.0278	0.000695	0.00122	0.00142	0.00026	0.857	FALSE	TRUE	FALSE	TRUE	TRUE	TRUE	TRUE	FALSE	FALSE	TRUE	TRUE	TRUE	TRUE	TRUE	FALSE	TRUE	0.351	1.86	1.51	-2.8	-3.13	2.45	2.1	0.595	-2.21	-2.53	4.66	4.31	4.99	4.63	0.327	-2.38	-2.03	-0.526	0.0687	2.27	2.6
"GNG5"	"P63218"	0.647325680967184	3.20719600093679e-10	8.55586122821162e-10	3.66316575518006e-08	4.44379264146352e-10	1.26005856130006e-12	2.87584831293681e-12	0.0077519636325602	5.41820452748232e-05	3.39164800951455e-07	7.27212164042086e-16	1.37493565340442e-15	5.6221932260871e-17	1.00460050004091e-16	0.0595869112835554	0.925	1.96e-05	0.00179	0.0721	0.0324	6.38e-05	4.37e-12	0.371	0.739	0.316	0.00083	0.00076	0.00103	6.81e-05	0.742	FALSE	TRUE	TRUE	FALSE	TRUE	TRUE	TRUE	FALSE	FALSE	FALSE	TRUE	TRUE	TRUE	TRUE	FALSE	TRUE	0.144	3.06	2.91	-2.4	-3.01	3.95	3.81	0.897	-1.5	-2.11	5.45	5.31	6.07	5.92	0.612	-3.11	-2.97	-0.0554	0.842	2.34	2.95
"HSD17B4"	"P51659"	0.693668527402201	4.97992970984688e-16	8.54413613718017e-16	0.576089288348089	0.354400984269982	8.54444545463015e-14	1.63216275652891e-13	0.00168611295054016	0.000392270688029416	0.0165890206043131	2.35245120314327e-16	3.97833043242772e-16	1.81867318109161e-15	3.20143339839917e-15	0.143360042032612	0.927	4.64e-14	5.23e-12	0.933	0.916	3.15e-06	3.41e-14	0.209	0.812	0.908	0.000457	0.000337	0.0073	0.000798	0.824	FALSE	TRUE	TRUE	FALSE	FALSE	TRUE	TRUE	FALSE	FALSE	FALSE	TRUE	TRUE	TRUE	TRUE	FALSE	TRUE	0.113	5.07	4.96	-0.161	0.268	4.07	3.96	-0.997	-1.16	-0.728	5.23	5.12	4.8	4.69	-0.429	-3.21	-3.1	1.86	0.858	2.02	1.59
"ITGB1"	"P05556"	0.310573096607043	1.06071884480582e-06	1.52917961792464e-05	1.15782832347034e-06	7.0474833565112e-09	4.00177809033525e-05	0.000602136560874901	0.173142319470825	3.70738486238652e-08	3.31038152268742e-10	1.44434049312207e-12	9.5023988662467e-12	4.26435372503093e-14	2.26509230643558e-13	0.0441720513917182	0.897	0.0222	0.243	0.213	0.0916	0.406	0.171	0.798	0.273	0.0248	0.0432	0.0564	0.0302	0.0104	0.708	FALSE	TRUE	FALSE	FALSE	FALSE	FALSE	FALSE	FALSE	FALSE	TRUE	TRUE	FALSE	TRUE	TRUE	FALSE	TRUE	0.393	2.41	2.02	-2.39	-3.2	1.88	1.48	-0.532	-2.93	-3.73	4.8	4.41	5.61	5.21	0.803	-2.51	-2.12	-0.106	-0.638	2.29	3.09
"ITGB2"	"P05107"	1.57676338396079e-06	3.08752481334676e-13	8.54342952529873e-08	2.30099445921411e-12	1.20263308558072e-16	1.67249865903108e-14	1.29317846226408e-09	0.0794409425707575	7.31832178521798e-11	1.36909548078609e-15	5.23160778607714e-20	4.26427303493429e-17	1.88001586669934e-22	3.76461790171939e-20	6.58226594875783e-07	0.025	2.62e-10	0.0305	0.00018	3.29e-08	3.54e-07	8.2e-07	0.712	0.0494	5.8e-07	2.83e-08	4.76e-05	1.31e-10	1.82e-09	0.00145	FALSE	TRUE	TRUE	TRUE	TRUE	TRUE	TRUE	FALSE	TRUE	TRUE	TRUE	TRUE	TRUE	TRUE	FALSE	TRUE	0.545	1.19	0.649	-1.09	-1.67	1.36	0.81	0.161	-0.931	-1.51	2.29	1.74	2.86	2.32	0.576	-1.37	-0.828	-0.18	-0.0187	0.912	1.49
"JAGN1"	"Q8N5M9"	0.000414182281611395	5.4670475222007e-08	0.00173337303096778	6.93280600168763e-06	5.53940634596694e-05	0.000107867489687921	0.611997028921519	0.00619258115299427	4.81003397229327e-09	2.99653165229545e-08	5.97719788919745e-13	1.53944178171634e-09	2.40749659770262e-12	9.08665259524812e-09	0.434714434439816	0.286	0.00285	0.658	0.329	0.592	0.482	0.895	0.344	0.177	0.144	0.0301	0.207	0.11	0.316	0.897	FALSE	TRUE	FALSE	FALSE	FALSE	FALSE	FALSE	FALSE	FALSE	FALSE	TRUE	FALSE	FALSE	FALSE	FALSE	TRUE	1.49	2.78	1.29	-2.07	-1.77	1.68	0.189	-1.1	-3.16	-2.87	4.85	3.35	4.55	3.06	-0.292	-2.56	-1.07	0.221	-0.877	2.29	1.99
"KDELR2"	"P33947"	0.0144748093944659	3.01381138424771e-09	1.60517099750894e-06	0.000126481188811672	6.05908210780862e-06	2.72250742893785e-09	1.42857476934687e-06	0.963865034318118	0.000142640706285357	6.82319689757446e-06	4.63949083517552e-13	5.75187948268549e-11	6.87243393525208e-14	6.2253761951007e-12	0.25699407633806	0.684	0.000224	0.114	0.574	0.434	0.0185	0.00371	0.919	0.777	0.567	0.027	0.0948	0.0363	0.045	0.866	FALSE	TRUE	FALSE	FALSE	FALSE	TRUE	TRUE	FALSE	FALSE	FALSE	TRUE	FALSE	TRUE	TRUE	FALSE	TRUE	0.685	2.3	1.61	-1.18	-1.48	2.31	1.63	0.012	-1.16	-1.47	3.48	2.79	3.78	3.09	0.303	-2.09	-1.41	0.208	0.22	1.38	1.69
"LAPTM5"	"Q13571"	0.0806670087469202	4.35749482507483e-08	4.01143579695002e-06	2.58927589767969e-06	1.02548881070536e-07	8.6587942959697e-09	6.85667472641322e-07	0.494709270237541	1.56213118254423e-05	5.65958033351473e-07	2.66855292880915e-13	6.55137213457796e-12	3.32632927756281e-14	6.51454575822284e-13	0.207899499852681	0.826	0.00238	0.16	0.258	0.192	0.0314	0.00199	0.881	0.679	0.359	0.0211	0.0496	0.0272	0.0173	0.852	FALSE	TRUE	FALSE	FALSE	FALSE	TRUE	TRUE	FALSE	FALSE	FALSE	TRUE	TRUE	TRUE	TRUE	FALSE	TRUE	0.837	3.52	2.68	-2.76	-3.35	3.83	3	0.319	-2.44	-3.03	6.27	5.44	6.87	6.03	0.594	-3.55	-2.72	-0.0388	0.28	2.72	3.31
"LCK"	"P06239"	0.000182521504940228	5.25234074983437e-07	0.0327045603317507	1.1362839383848e-06	1.5014448240232e-06	4.54274972359109e-07	0.0288289631460864	0.954152543016013	1.31677698886229e-06	1.74104874578971e-06	8.74347298707941e-13	5.0329635013801e-09	1.05846897735883e-12	6.44984983241187e-09	0.91355598167968	0.221	0.0145	0.832	0.212	0.33	0.143	0.635	0.918	0.528	0.455	0.0353	0.259	0.0879	0.293	0.931	FALSE	TRUE	FALSE	FALSE	FALSE	FALSE	FALSE	FALSE	FALSE	FALSE	TRUE	FALSE	FALSE	FALSE	FALSE	TRUE	1.01	1.53	0.522	-1.46	-1.44	1.55	0.536	0.0134	-1.45	-1.42	2.99	1.98	2.97	1.96	-0.0254	-1.68	-0.665	-0.143	-0.129	1.32	1.29
"LITAF"	"Q99732"	0.388544806431645	1.67628177055869e-11	3.27299552352643e-12	0.000117967820327645	0.0114538356342392	4.15963513520112e-09	6.1124302362479e-10	0.0132820023057654	1.29104744324934e-07	1.26076489066943e-05	8.20867064191063e-15	2.30261327045987e-15	1.36583977272014e-13	3.37387333565029e-14	0.0823316889594726	0.906	3.78e-07	8.39e-06	0.569	0.837	0.0224	2.48e-07	0.447	0.358	0.613	0.00398	0.00102	0.0465	0.00359	0.775	FALSE	TRUE	TRUE	FALSE	FALSE	TRUE	TRUE	FALSE	FALSE	FALSE	TRUE	TRUE	TRUE	TRUE	FALSE	TRUE	-0.25	3.23	3.48	-1.29	-0.777	2.47	2.72	-0.759	-2.05	-1.54	4.52	4.77	4.01	4.26	-0.516	-2.33	-2.58	0.9	0.141	2.19	1.68
"LMF2"	"Q9BU23"	0.00047050533686346	2.50951444573278e-13	4.60104582540548e-10	1.59431709822066e-08	7.69549022587439e-09	3.29994929942501e-13	6.51016912395392e-10	0.87138344587262	1.09251699029492e-08	5.30970322284734e-09	4.0989054219744e-18	5.67631297977513e-16	2.87504063049025e-18	3.71611582671415e-16	0.75415568072908	0.296	1.71e-10	0.00117	0.0515	0.0942	1.6e-05	2.74e-07	0.914	0.213	0.0761	1.01e-05	0.000425	9.4e-05	0.000205	0.923	FALSE	TRUE	TRUE	FALSE	FALSE	TRUE	TRUE	FALSE	FALSE	FALSE	TRUE	TRUE	TRUE	TRUE	FALSE	TRUE	1.45	4.94	3.49	-2.91	-3.03	4.88	3.43	-0.0591	-2.97	-3.09	7.85	6.41	7.97	6.52	0.114	-4.51	-3.07	0.424	0.365	3.34	3.45
"LPCAT3"	"Q6P1A2"	0.0123712271822562	5.78656792287948e-07	0.000624156914344771	7.5398604533918e-11	9.68059978165531e-13	7.04359398135195e-07	0.000764093743092057	0.938228971991976	6.44876773334232e-11	8.44846159819624e-13	1.30150324845212e-15	7.13831347723216e-14	6.08406246672096e-17	2.15273321091622e-15	0.0278734687343381	0.668	0.0155	0.574	0.00275	0.000943	0.163	0.188	0.918	0.0475	0.000669	0.00124	0.00709	0.00108	0.000615	0.65	FALSE	TRUE	FALSE	TRUE	TRUE	FALSE	FALSE	FALSE	TRUE	TRUE	TRUE	TRUE	TRUE	TRUE	FALSE	TRUE	0.686	1.68	0.993	-2.69	-3.28	1.66	0.973	-0.02	-2.71	-3.3	4.37	3.68	4.96	4.28	0.594	-2.23	-1.54	-0.547	-0.567	2.14	2.74
"MAGT1"	"Q9H0U3"	0.0789208998212524	0.000237542897242643	0.0221555632138906	7.04383343673057e-10	4.13484139778201e-11	0.000341542269870293	0.0300951171949456	0.890642917626406	5.24116324550086e-10	3.15068092941073e-11	2.26584026648934e-13	5.57717154973858e-12	2.48214317360003e-14	4.80408467200636e-13	0.178628489385967	0.824	0.252	0.815	0.0104	0.00996	0.572	0.64	0.915	0.093	0.00736	0.0197	0.0467	0.0239	0.0149	0.841	FALSE	FALSE	FALSE	TRUE	TRUE	FALSE	FALSE	FALSE	FALSE	TRUE	TRUE	TRUE	TRUE	TRUE	FALSE	TRUE	0.561	1.31	0.746	-2.9	-3.32	1.26	0.703	-0.0425	-2.94	-3.37	4.21	3.65	4.63	4.07	0.424	-1.99	-1.43	-0.688	-0.731	2.21	2.64
"MT-ATP6"	"P00846"	2.82646467728608e-07	2.27314349526204e-15	3.05980695200183e-10	1.47498187405472e-10	6.12737243828527e-11	5.75527445043918e-15	1.20796676957687e-09	0.524564576084218	4.05028572747919e-11	1.74008757194779e-11	2.01214021619231e-20	2.8521444797156e-17	1.34823369632804e-20	1.69141788870059e-17	0.666674838623438	0.00763	4.64e-14	0.000863	0.00418	0.0121	7.22e-08	7.4e-07	0.885	0.0403	0.0052	7.19e-09	3.32e-05	2.6e-07	9.26e-06	0.918	TRUE	TRUE	TRUE	TRUE	TRUE	TRUE	TRUE	FALSE	TRUE	TRUE	TRUE	TRUE	TRUE	TRUE	FALSE	TRUE	1.86	4.53	2.67	-2.77	-2.89	4.36	2.5	-0.175	-2.94	-3.06	7.3	5.44	7.42	5.56	0.118	-4.25	-2.38	0.288	0.113	3.06	3.17
"MT-CO3"	"P00414"	0.000603871830690013	1.57633698206891e-09	2.08698002364044e-05	0.000114906956925023	6.34149539386735e-06	7.18577645909211e-11	4.70123449540629e-07	0.151925375055115	0.00506464897730104	0.000304329297838838	2.65851801832626e-13	4.04094477725246e-10	4.43761041380131e-14	4.26288546525755e-11	0.279298867390563	0.318	0.000114	0.265	0.566	0.438	0.00197	0.0014	0.785	0.876	0.794	0.021	0.153	0.0307	0.0847	0.872	FALSE	TRUE	FALSE	FALSE	FALSE	TRUE	TRUE	FALSE	FALSE	FALSE	TRUE	FALSE	TRUE	FALSE	FALSE	TRUE	0.935	2.18	1.24	-1.09	-1.35	2.53	1.6	0.353	-0.734	-0.998	3.26	2.33	3.53	2.59	0.265	-2.07	-1.14	0.105	0.458	1.19	1.46
"MT-CYB"	"P00156"	0.0562404576421854	7.18166398911592e-14	2.10702023107863e-12	0.000101242848305479	2.64215254838802e-05	2.22099294174685e-14	5.6730868332583e-13	0.460273451287945	0.000717996633220651	0.000189649699236641	1.05167557564033e-16	1.50436215566453e-15	5.54083644518269e-17	7.43911693050967e-16	0.613872460215241	0.801	1.02e-11	4.83e-06	0.556	0.542	5.1e-07	6.34e-14	0.876	0.83	0.773	0.000249	0.000798	0.00103	0.000318	0.914	FALSE	TRUE	TRUE	FALSE	FALSE	TRUE	TRUE	FALSE	FALSE	FALSE	TRUE	TRUE	TRUE	TRUE	FALSE	TRUE	0.569	4.11	3.54	-1.31	-1.45	4.32	3.75	0.213	-1.09	-1.24	5.41	4.84	5.56	4.99	0.145	-3.33	-2.76	0.779	0.992	2.08	2.23
"NDFIP2"	"Q9NV92"	0.664635042725094	0.000638279378674759	0.00196080657919905	8.64987269850419e-17	0.00577332573462407	0.0985255918954589	0.213528283650578	0.0393764983589627	6.37384226940332e-18	0.408819296953051	9.5628151540326e-19	1.53447547239794e-18	0.390011638894418	0.666633334392213	2.47535280896289e-18	0.926	0.354	0.668	3.85e-11	0.816	0.862	0.831	0.617	1.9e-08	0.953	1.65e-06	1.29e-06	0.932	0.944	1.56e-13	FALSE	FALSE	FALSE	TRUE	FALSE	FALSE	FALSE	FALSE	TRUE	FALSE	TRUE	TRUE	FALSE	FALSE	TRUE	TRUE	0.0993	0.88	0.78	-4.34	0.682	0.388	0.289	-0.491	-4.83	0.19	5.22	5.12	0.198	0.0987	-5.02	-1.13	-1.03	-0.252	-0.743	4.09	-0.933
"NRM"	"Q8IXM6"	0.680093332232846	3.27426649726402e-08	8.86998242396511e-08	1.89153542632025e-08	1.71842445006697e-09	9.08425961768581e-09	2.38805022487944e-08	0.586283527155187	6.97587016482505e-08	5.86681100408503e-09	9.38506744894634e-15	1.75833241143776e-14	2.0180268274413e-15	3.6571167422609e-15	0.298738491635434	0.927	0.00189	0.031	0.0554	0.0564	0.0321	5.03e-05	0.892	0.313	0.079	0.00429	0.00348	0.00769	0.000868	0.876	FALSE	TRUE	TRUE	FALSE	FALSE	TRUE	TRUE	FALSE	FALSE	FALSE	TRUE	TRUE	TRUE	TRUE	FALSE	TRUE	0.146	2.72	2.58	-2.81	-3.18	2.92	2.77	0.193	-2.61	-2.98	5.53	5.38	5.9	5.75	0.372	-2.87	-2.72	-0.146	0.0474	2.66	3.03
"PTPRCAP"	"Q14761"	0.00909504926326181	1.38340432179446e-05	0.0180377390665472	1.05012280042113e-10	4.06232216433927e-13	1.70465466351603e-07	0.000242993713194785	0.0956833728472693	4.19359440830051e-09	8.8458830717065e-12	9.77382319238597e-15	9.18085017815911e-13	1.53464256356401e-16	7.48346713206934e-15	0.00590880398831105	0.635	0.0858	0.805	0.0034	0.000556	0.103	0.112	0.735	0.171	0.00341	0.00438	0.0232	0.00192	0.0014	0.423	FALSE	FALSE	FALSE	TRUE	TRUE	FALSE	FALSE	FALSE	FALSE	TRUE	TRUE	TRUE	TRUE	TRUE	FALSE	TRUE	0.432	0.819	0.387	-1.59	-2.05	1.08	0.652	0.265	-1.33	-1.78	2.41	1.98	2.87	2.44	0.46	-1.27	-0.837	-0.45	-0.185	1.14	1.6
"PTRH2"	"Q9Y3E5"	0.00602503798605268	9.10055698067769e-07	8.22390736600523e-10	2.91321789589277e-08	0.00296893082016633	0.00266278768418574	1.13241007868584e-06	0.00488370966812729	3.82777941038482e-11	1.01617280667864e-06	1.02792186256844e-13	1.17150122055214e-15	4.45502821759641e-10	1.38029758330457e-12	0.000117988211341865	0.588	0.0203	0.00175	0.0661	0.793	0.707	0.00307	0.316	0.0395	0.409	0.0141	0.000693	0.31	0.0242	0.0775	FALSE	TRUE	TRUE	FALSE	FALSE	FALSE	TRUE	FALSE	TRUE	FALSE	TRUE	TRUE	FALSE	TRUE	FALSE	TRUE	-0.393	0.841	1.23	-1.03	-0.431	0.437	0.83	-0.404	-1.43	-0.835	1.87	2.26	1.27	1.66	-0.595	-0.671	-1.06	0.17	-0.234	1.2	0.601
"PVR"	"P15151"	0.724694002830017	7.22601160929465e-10	1.5606358849212e-09	1.11182961333538e-05	0.893410258484497	0.04340504530315	0.0888672227356422	9.14823625046283e-08	1.18738536172509e-12	6.60305024668057e-08	3.53682012426405e-14	6.19508089102366e-14	5.41605540888141e-10	1.16242830193891e-09	1.58360193506399e-05	0.929	4.89e-05	0.0027	0.369	0.934	0.835	0.758	6.54e-05	0.00693	0.192	0.0088	0.00667	0.319	0.198	0.0225	FALSE	TRUE	TRUE	FALSE	FALSE	FALSE	FALSE	TRUE	TRUE	FALSE	TRUE	TRUE	FALSE	FALSE	TRUE	TRUE	0.0993	2.64	2.54	-1.51	-0.0377	0.592	0.493	-2.04	-3.56	-2.08	4.15	4.05	2.68	2.58	-1.48	-1.69	-1.59	0.945	-1.1	2.46	0.982
"RAB11A"	"P62491"	0.788991484875734	0.0399965949572271	0.0696921789130334	4.0927293571351e-17	2.05671722581712e-17	0.00114276541908645	0.0022697001278865	0.147013842483342	2.73013338696725e-16	1.3073342527127e-16	3.25171366898285e-18	4.40733568677392e-18	1.73551279472831e-18	2.33592891711676e-18	0.574935152848577	0.932	0.767	0.862	7.09e-12	1.48e-09	0.656	0.294	0.782	4.88e-06	1.25e-08	7.86e-06	4.93e-06	5.92e-05	8.25e-07	0.911	FALSE	FALSE	FALSE	TRUE	TRUE	FALSE	FALSE	FALSE	TRUE	TRUE	TRUE	TRUE	TRUE	TRUE	FALSE	TRUE	0.0993	0.794	0.695	-7.26	-7.47	1.34	1.24	0.549	-6.72	-6.92	8.06	7.96	8.27	8.17	0.209	-3.09	-2.99	-2.3	-1.75	4.97	5.17
"RAB14"	"P61106"	0.901936214470999	0.0327646813851862	0.0427190112974464	7.54001653649362e-12	2.09780854886085e-12	0.00201418067481379	0.00275271192379077	0.249195495865632	7.34731913920015e-11	1.86211824163578e-11	1.46561242200508e-13	1.79796605292439e-13	4.75756557873203e-14	5.79157378087154e-14	0.489752651926007	0.936	0.752	0.843	0.00047	0.00151	0.691	0.318	0.83	0.0495	0.00541	0.0162	0.0111	0.0316	0.00501	0.903	FALSE	FALSE	FALSE	TRUE	TRUE	FALSE	FALSE	FALSE	TRUE	TRUE	TRUE	TRUE	TRUE	TRUE	FALSE	TRUE	0.0491	0.89	0.841	-4.63	-4.91	1.36	1.31	0.465	-4.17	-4.44	5.52	5.47	5.8	5.75	0.276	-2.27	-2.22	-1.38	-0.914	3.25	3.53
"RAB18"	"Q9NP72"	0.560568960970175	0.0184935533801959	0.0653325818257158	1.84235179061604e-10	4.01225429708862e-11	0.00316779988087437	0.0131084141323659	0.466135265315009	8.73193399841032e-10	1.7730590877448e-10	1.51833575593382e-12	4.38943981342923e-12	4.08373216149704e-13	1.12796726931359e-12	0.455087954418033	0.92	0.706	0.86	0.00473	0.0098	0.717	0.532	0.877	0.108	0.0183	0.0441	0.0427	0.0673	0.0222	0.899	FALSE	FALSE	FALSE	TRUE	TRUE	FALSE	FALSE	FALSE	FALSE	TRUE	TRUE	TRUE	FALSE	TRUE	FALSE	TRUE	0.265	1.13	0.866	-4.55	-4.89	1.46	1.2	0.333	-4.21	-4.56	5.68	5.41	6.02	5.75	0.341	-2.43	-2.16	-1.3	-0.962	3.25	3.59
"RAB21"	"Q9UL25"	0.887069248081236	0.035486798464896	0.0480329875066514	4.57288698022467e-13	1.27840536823499e-12	0.0672342626815444	0.0890338503154986	0.760158766542822	2.71823465484916e-13	7.46404678741709e-13	1.31175135575676e-14	1.62947142743629e-14	3.25720801451874e-14	4.07440466859075e-14	0.557503706907268	0.935	0.758	0.848	3.53e-05	0.00112	0.85	0.758	0.906	0.00303	0.000607	0.00518	0.00334	0.027	0.00405	0.91	FALSE	FALSE	FALSE	TRUE	TRUE	FALSE	FALSE	FALSE	TRUE	TRUE	TRUE	TRUE	TRUE	TRUE	FALSE	TRUE	0.0458	0.708	0.662	-4.25	-4.06	0.609	0.564	-0.0984	-4.35	-4.16	4.95	4.91	4.77	4.72	-0.19	-1.85	-1.8	-1.14	-1.24	3.11	2.92
"RAB27A"	"P51159"	0.00397501169467522	0.000370584181225672	1.09737205884439e-07	1.16189033132196e-10	1.4657229775887e-09	0.135201949796149	7.45318472388404e-05	0.0170120653937269	9.57597954140775e-13	8.42811124210793e-12	7.29981625558516e-14	6.92856049575923e-16	5.34609855902562e-13	3.73781050275266e-15	0.239319147230826	0.537	0.296	0.0344	0.00363	0.0531	0.872	0.0595	0.487	0.00609	0.00331	0.0122	0.000492	0.0728	0.00088	0.862	FALSE	FALSE	TRUE	TRUE	FALSE	FALSE	FALSE	FALSE	TRUE	TRUE	TRUE	TRUE	FALSE	TRUE	FALSE	TRUE	-1.33	1.72	3.06	-4.35	-3.85	0.65	1.98	-1.07	-5.43	-4.92	6.08	7.41	5.57	6.9	-0.507	-2.11	-3.45	-0.39	-1.47	3.96	3.46
"RAB2A"	"P61019"	0.506756470197769	0.000145319655052561	0.000840641720988	5.02795316206262e-13	5.86283322465645e-13	5.48572812954971e-05	0.000321473379828637	0.714165088536798	9.52150699548835e-13	1.1139181001827e-12	5.891435322906e-16	1.48458161041948e-15	6.65281643457953e-16	1.68328022794629e-15	0.92913090874301	0.916	0.214	0.6	3.87e-05	0.000688	0.427	0.129	0.903	0.00607	0.000824	0.00076	0.000792	0.00458	0.000536	0.932	FALSE	FALSE	FALSE	TRUE	TRUE	FALSE	FALSE	FALSE	TRUE	TRUE	TRUE	TRUE	TRUE	TRUE	FALSE	TRUE	0.243	1.6	1.36	-4.78	-4.75	1.74	1.49	0.133	-4.64	-4.61	6.38	6.14	6.35	6.11	-0.0324	-2.72	-2.48	-1.12	-0.982	3.66	3.63
"RAB2B"	"Q8WUD1"	0.987101148334622	0.214061549973044	0.219815804181357	5.83458336705306e-13	8.46422349208401e-12	0.595681845085964	0.606844296624043	0.468007714700152	1.69349473048531e-13	2.19786115152084e-12	7.08966124036104e-14	7.2769877783595e-14	8.52143515921843e-13	8.76653615676389e-13	0.147457494844369	0.939	0.865	0.899	4.45e-05	0.00381	0.912	0.895	0.877	0.00236	0.00133	0.0121	0.00714	0.0824	0.0198	0.826	FALSE	FALSE	FALSE	TRUE	TRUE	FALSE	FALSE	FALSE	TRUE	TRUE	TRUE	TRUE	FALSE	TRUE	FALSE	TRUE	0.00834	0.65	0.642	-6.73	-5.96	0.274	0.266	-0.376	-7.1	-6.34	7.38	7.37	6.61	6.6	-0.763	-2.49	-2.48	-1.84	-2.21	4.89	4.13
"RAB4B"	"P61018"	0.0542871953913354	1.86962698083725e-05	0.00349515507514389	2.5017311672e-11	7.62528048020682e-12	1.56540445572715e-06	0.000301412747714597	0.34696996221551	1.6876800488748e-10	4.79310259408921e-11	3.99213596340939e-15	8.62251619491064e-14	1.63990686721405e-15	3.20884921825248e-14	0.537198044272882	0.799	0.0969	0.709	0.00127	0.00359	0.204	0.125	0.857	0.0667	0.00936	0.00258	0.00767	0.00698	0.00349	0.908	FALSE	FALSE	FALSE	TRUE	TRUE	FALSE	FALSE	FALSE	FALSE	TRUE	TRUE	TRUE	TRUE	TRUE	FALSE	TRUE	1.14	2.95	1.81	-6.26	-6.61	3.49	2.35	0.54	-5.72	-6.07	9.21	8.07	9.56	8.42	0.352	-4.39	-3.25	-1.44	-0.902	4.82	5.17
"RAB7A"	"P51149"	0.767121247518306	0.072403769812387	0.127677401126759	3.22040806873876e-14	1.35885992274379e-14	0.0109542931100609	0.0217578776042661	0.393204214251889	1.28241463617451e-13	5.19200058449768e-14	2.01169780725688e-15	3.07815842188577e-15	9.18522945059443e-16	1.38906043212533e-15	0.577919139072242	0.931	0.806	0.883	1.34e-06	2.21e-05	0.78	0.6	0.866	0.00199	5.32e-05	0.00169	0.00121	0.0053	0.000477	0.911	FALSE	FALSE	FALSE	TRUE	TRUE	FALSE	FALSE	FALSE	TRUE	TRUE	TRUE	TRUE	TRUE	TRUE	FALSE	TRUE	0.0726	0.454	0.382	-3.63	-3.76	0.665	0.593	0.211	-3.42	-3.55	4.08	4.01	4.22	4.14	0.137	-1.58	-1.51	-1.13	-0.916	2.5	2.64
"RAB8A"	"P61006"	0.721231354108526	0.0212855725260489	0.046485822107693	4.90920907093129e-12	4.90200514619453e-13	0.000656928177012139	0.00165633917586976	0.167286226117753	7.50024695401365e-11	6.11978442170084e-12	7.33652563751715e-14	1.31357233278026e-13	9.83349396508154e-15	1.6927558460391e-14	0.204574984742081	0.929	0.718	0.847	0.000335	0.000623	0.619	0.256	0.794	0.0498	0.00267	0.0123	0.00949	0.0159	0.00235	0.851	FALSE	FALSE	FALSE	TRUE	TRUE	FALSE	FALSE	FALSE	TRUE	TRUE	TRUE	TRUE	TRUE	TRUE	FALSE	TRUE	0.119	0.806	0.687	-3.93	-4.36	1.27	1.15	0.467	-3.47	-3.89	4.74	4.62	5.17	5.05	0.428	-2.02	-1.9	-1.21	-0.744	2.72	3.15
"RAB8B"	"Q92930"	0.167979024611042	0.000137281753368757	0.00518762808139314	2.63271762065022e-12	2.88363240833111e-12	6.48609954772428e-07	2.51171844965796e-05	0.0491630839214624	1.37795356721658e-10	1.5274811751262e-10	2.10704445895454e-15	1.68406914213096e-14	2.26292954964425e-15	1.81845282203273e-14	0.960151118114125	0.868	0.21	0.735	0.000203	0.00189	0.159	0.0314	0.649	0.0624	0.0169	0.00174	0.0034	0.00813	0.00244	0.933	FALSE	FALSE	FALSE	TRUE	TRUE	FALSE	TRUE	FALSE	FALSE	TRUE	TRUE	TRUE	TRUE	TRUE	FALSE	TRUE	0.716	2.26	1.54	-6.22	-6.19	3.3	2.58	1.04	-5.17	-5.15	8.47	7.76	8.45	7.73	-0.0255	-3.87	-3.15	-1.61	-0.566	4.61	4.58
"RAB9A"	"P51151"	0.741890930637666	0.0572710080004602	0.028331715505869	4.14960763795767e-12	2.70624843192938e-12	0.115328793138291	0.0605670994419983	0.721412826900976	2.1614952855244e-12	1.42228749011144e-12	1.33426015691077e-13	7.78913907989645e-14	9.10991721465142e-14	5.3550045133203e-14	0.815757347956465	0.929	0.791	0.826	0.000294	0.00181	0.867	0.72	0.904	0.00969	0.000982	0.0156	0.00735	0.0402	0.00479	0.927	FALSE	FALSE	FALSE	TRUE	TRUE	FALSE	FALSE	FALSE	TRUE	TRUE	TRUE	TRUE	TRUE	TRUE	FALSE	TRUE	-0.141	0.844	0.986	-5.12	-5.22	0.691	0.833	-0.153	-5.27	-5.37	5.96	6.1	6.06	6.2	0.0999	-2.24	-2.38	-1.39	-1.55	3.73	3.83
"RAC1"	"P63000"	0.389403428122678	8.45380615051971e-05	0.000832418666043072	6.92762749920929e-12	2.01348677983199e-12	1.20535423698103e-06	1.1516119270978e-05	0.114239226757569	1.68719378795665e-10	4.31841600708815e-11	3.44195206511389e-15	1.24688625280096e-14	1.31985379661824e-15	4.57724690323893e-15	0.503707925042032	0.906	0.177	0.599	0.000441	0.00148	0.19	0.0194	0.755	0.0667	0.00884	0.00236	0.00286	0.00633	0.000999	0.905	FALSE	FALSE	FALSE	TRUE	TRUE	FALSE	TRUE	FALSE	FALSE	TRUE	TRUE	TRUE	TRUE	TRUE	FALSE	TRUE	0.23	1.22	0.994	-3.1	-3.28	1.65	1.42	0.43	-2.67	-2.85	4.32	4.09	4.5	4.27	0.178	-1.99	-1.76	-0.764	-0.334	2.33	2.51
"RAC2"	"P15153"	0.253465737862867	0.000862275478885881	0.0152280885541969	4.4340083952696e-12	4.18408632173687e-13	3.06687851392341e-06	6.47307887292221e-05	0.0403627283396799	3.02415042890515e-10	2.06542616959819e-11	8.86608101891041e-15	5.31235708502923e-14	1.29497953100244e-15	6.88258086871315e-15	0.192180334309137	0.888	0.387	0.796	0.000309	0.000566	0.241	0.0549	0.621	0.0802	0.00573	0.00415	0.00622	0.00628	0.00132	0.847	FALSE	FALSE	FALSE	TRUE	TRUE	FALSE	FALSE	FALSE	FALSE	TRUE	TRUE	TRUE	TRUE	TRUE	FALSE	TRUE	0.302	0.974	0.672	-3.11	-3.45	1.53	1.23	0.558	-2.55	-2.9	4.08	3.78	4.43	4.13	0.346	-1.89	-1.58	-0.912	-0.354	2.2	2.54
"RALA"	"P11233"	0.555837993279801	7.58929503364004e-09	3.02870684170511e-08	7.61991891280918e-07	4.42571886646175e-08	1.33017543867547e-10	4.58655376864311e-10	0.072132210367273	9.87540958971066e-05	4.72721495597137e-06	3.65578229187279e-14	9.42276142745323e-14	6.30521971802694e-15	1.53557356515824e-14	0.256311561900547	0.919	0.000529	0.0177	0.191	0.155	0.00298	1.55e-07	0.7	0.763	0.538	0.00895	0.008	0.0133	0.00222	0.866	FALSE	TRUE	TRUE	FALSE	FALSE	TRUE	TRUE	FALSE	FALSE	FALSE	TRUE	TRUE	TRUE	TRUE	FALSE	TRUE	0.261	3.66	3.4	-2.83	-3.33	4.48	4.22	0.819	-2.01	-2.51	6.49	6.23	7	6.74	0.507	-3.65	-3.39	0.0148	0.834	2.84	3.35
"RALB"	"P11234"	0.250265162390182	4.99468872754157e-06	0.000108716596767001	8.54218913675294e-14	6.3558694995591e-15	4.35843029728257e-08	7.79140836182838e-07	0.0682733828863159	2.15313726691131e-12	1.20248767774973e-13	2.89342633937487e-17	1.24947428883187e-16	4.0119382502324e-18	1.56114923522378e-17	0.10282307791623	0.887	0.0537	0.411	4.91e-06	9.18e-06	0.0618	0.00222	0.693	0.00967	0.000123	7.2e-05	0.000131	0.000123	8.55e-06	0.796	FALSE	FALSE	FALSE	TRUE	TRUE	FALSE	TRUE	FALSE	TRUE	TRUE	TRUE	TRUE	TRUE	TRUE	FALSE	TRUE	0.415	2.03	1.61	-5.06	-5.66	2.7	2.28	0.672	-4.39	-4.99	7.09	6.67	7.68	7.27	0.597	-3.32	-2.9	-1.29	-0.62	3.77	4.37
"RAP2B"	"P61225"	0.95348405783257	4.94564964525961e-09	4.33165065373593e-09	3.65654011533764e-08	2.8121694099925e-09	1.77494895829629e-09	1.56017208697472e-09	0.648818739832718	1.10412982537538e-07	7.93599137974109e-09	4.25712526688214e-15	3.90949566274017e-15	8.81875336017866e-16	8.1360530780002e-16	0.273993115953155	0.938	0.000361	0.0053	0.072	0.0675	0.015	1.09e-06	0.898	0.346	0.089	0.00267	0.0014	0.00521	0.000336	0.87	FALSE	TRUE	TRUE	FALSE	FALSE	TRUE	TRUE	FALSE	FALSE	FALSE	TRUE	TRUE	TRUE	TRUE	FALSE	TRUE	-0.0231	3.36	3.38	-3.02	-3.46	3.54	3.56	0.18	-2.84	-3.28	6.38	6.4	6.82	6.84	0.438	-3.35	-3.37	0.0138	0.194	3.03	3.47
"REEP5"	"Q00765"	0.0192424399030237	3.01017509224505e-15	1.36676535137938e-13	5.90029272770467e-09	9.70442986882374e-09	2.00251481765109e-14	1.19658799822094e-12	0.211465937625362	3.60971621132907e-10	5.72327132718853e-10	1.25504266479326e-19	1.68411083156817e-18	1.55966694314893e-19	2.13950072454361e-18	0.828907139269231	0.712	4.64e-14	1.15e-07	0.0331	0.101	4.48e-07	4.4e-13	0.816	0.0843	0.0314	8.59e-08	1.41e-06	4.09e-06	7.5e-07	0.927	FALSE	TRUE	TRUE	TRUE	FALSE	TRUE	TRUE	FALSE	FALSE	TRUE	TRUE	TRUE	TRUE	TRUE	FALSE	TRUE	0.58	3.84	3.26	-1.97	-1.92	3.54	2.96	-0.298	-2.27	-2.22	5.81	5.23	5.76	5.18	-0.0507	-3.26	-2.68	0.583	0.286	2.56	2.51
"RHBDF2"	"Q6PJF5"	0.633280158218085	0.0749908740715785	0.181689019005211	1.77054946148775e-11	4.24537910559946e-14	0.00429437786780259	0.0136136017266995	0.213421036407407	2.24338204611117e-10	3.37536717872736e-13	6.12087227546807e-13	1.41894006160437e-12	2.65129629933513e-15	5.31904941199529e-15	0.00179253373707452	0.924	0.808	0.894	0.000979	7.54e-05	0.734	0.537	0.817	0.0732	0.000306	0.0304	0.0275	0.00876	0.0011	0.266	FALSE	FALSE	FALSE	TRUE	TRUE	FALSE	FALSE	FALSE	FALSE	TRUE	TRUE	TRUE	TRUE	TRUE	FALSE	TRUE	0.0993	0.382	0.282	-2.32	-3.04	0.644	0.545	0.262	-2.06	-2.78	2.7	2.6	3.42	3.32	0.716	-1.21	-1.11	-0.826	-0.564	1.5	2.21
"RHOA"	"P61586"	0.579001561821815	2.56309304267814e-08	9.79364664661946e-08	5.44787313396996e-10	9.41137763522985e-11	1.44808760017682e-10	4.65280663413518e-10	0.0261575566858396	1.17339115960361e-07	1.5608811186354e-08	8.33665366246207e-16	1.81674468503938e-15	2.6738945000269e-16	5.64704601500257e-16	0.403772491400604	0.921	0.00155	0.0326	0.00911	0.0154	0.00315	1.58e-07	0.555	0.351	0.115	0.000912	0.000893	0.00277	0.000263	0.893	FALSE	TRUE	TRUE	TRUE	TRUE	TRUE	TRUE	FALSE	FALSE	FALSE	TRUE	TRUE	TRUE	TRUE	FALSE	TRUE	0.186	2.61	2.42	-3.18	-3.46	3.39	3.2	0.782	-2.39	-2.68	5.78	5.6	6.06	5.88	0.281	-3	-2.82	-0.398	0.383	2.78	3.06
"RHOC"	"P08134"	0.632329092749304	1.63892591859376e-05	5.84613300534302e-05	4.65531912773088e-08	6.4409825375889e-06	0.000475389867388929	0.00165114348411141	0.210757354747565	2.44002087772264e-09	2.4812631758685e-07	9.40921372559542e-13	2.21331205720689e-12	3.59909764100067e-11	9.41702031923736e-11	0.0592672350974708	0.924	0.0919	0.352	0.0786	0.439	0.596	0.255	0.816	0.147	0.29	0.0364	0.0327	0.204	0.105	0.741	FALSE	FALSE	FALSE	FALSE	FALSE	FALSE	FALSE	FALSE	FALSE	FALSE	TRUE	TRUE	FALSE	FALSE	FALSE	TRUE	0.199	2.17	1.97	-3.13	-2.32	1.64	1.44	-0.527	-3.65	-2.84	5.3	5.1	4.49	4.29	-0.811	-2.3	-2.1	-0.129	-0.657	3	2.19
"RHOG"	"P84095"	0.506177499720859	0.000387307120942028	0.00218727872451555	1.31790328732648e-10	1.77129687636696e-10	2.00262536744677e-05	0.000117873301552573	0.269621029965828	1.42058795361206e-09	1.949628931421e-09	8.28359434966521e-14	2.49538898064255e-13	1.0457254713372e-13	3.17835208147187e-13	0.886170284457167	0.916	0.3	0.676	0.00391	0.0215	0.36	0.0769	0.837	0.125	0.0533	0.0129	0.0128	0.0421	0.012	0.93	FALSE	FALSE	FALSE	TRUE	TRUE	FALSE	FALSE	FALSE	FALSE	FALSE	TRUE	TRUE	TRUE	TRUE	FALSE	TRUE	0.155	0.938	0.783	-2.36	-2.33	1.2	1.04	0.26	-2.1	-2.07	3.3	3.15	3.27	3.11	-0.0333	-1.48	-1.32	-0.539	-0.279	1.82	1.79
"RTN4"	"Q9NQC3"	0.140422890984816	1.27354437889722e-10	6.62660702357274e-12	4.25258321025707e-09	2.11686201100109e-09	3.05390154883561e-09	1.20171288955222e-10	0.147714663836983	1.72358159543912e-10	9.11138666869284e-11	1.17984955823146e-16	1.81180932337021e-17	7.93406961972364e-17	1.25038016132009e-17	0.756379440346946	0.859	6.38e-06	1.93e-05	0.0281	0.0609	0.0195	1.55e-08	0.782	0.0672	0.013	0.000274	2.22e-05	0.00126	6.77e-06	0.923	FALSE	TRUE	TRUE	TRUE	FALSE	TRUE	TRUE	FALSE	FALSE	TRUE	TRUE	TRUE	TRUE	TRUE	FALSE	TRUE	-0.329	2.23	2.56	-1.87	-1.94	1.91	2.23	-0.323	-2.2	-2.26	4.1	4.43	4.17	4.5	0.0679	-2.01	-2.34	0.216	-0.107	2.09	2.16
"SCAMP1"	"O15126"	0.0634260647766146	3.75196118147893e-11	2.1199038381841e-09	1.26576361312121e-06	2.27547746229994e-05	9.35598799144864e-11	5.92199699019226e-09	0.64955504329859	3.98059642672063e-07	6.84810258730588e-06	1.22739176481979e-15	2.06877772178113e-14	6.02718725966274e-15	1.20370530506916e-13	0.274547954795275	0.81	1.2e-06	0.00331	0.218	0.531	0.00235	8.1e-06	0.898	0.441	0.567	0.0012	0.0038	0.013	0.00761	0.871	FALSE	TRUE	TRUE	FALSE	FALSE	TRUE	TRUE	FALSE	FALSE	FALSE	TRUE	TRUE	TRUE	TRUE	FALSE	TRUE	0.86	4.83	3.97	-2.78	-2.29	4.63	3.77	-0.204	-2.99	-2.49	7.62	6.76	7.12	6.26	-0.495	-4.18	-3.32	0.657	0.453	3.44	2.94
"SCAMP2"	"O15127"	0.020844716920031	4.38617746468858e-10	1.17228717227495e-07	4.61516615822248e-09	4.82216574486139e-10	3.35580623364447e-10	8.60866054311823e-08	0.899576368499113	6.15472686314812e-09	6.32052253339276e-10	2.67705781095853e-16	8.28919675710675e-15	7.10452741772777e-17	1.85945630248704e-15	0.310255120126996	0.72	2.82e-05	0.0355	0.0293	0.0335	0.00562	0.000234	0.915	0.188	0.0329	0.000497	0.00222	0.00118	0.000568	0.878	FALSE	TRUE	TRUE	TRUE	TRUE	TRUE	TRUE	FALSE	FALSE	TRUE	TRUE	TRUE	TRUE	TRUE	FALSE	TRUE	0.703	2.77	2.06	-2.46	-2.76	2.8	2.1	0.0364	-2.42	-2.72	5.23	4.52	5.52	4.82	0.296	-2.84	-2.13	-0.0697	-0.0333	2.39	2.69
"SCAMP3"	"O14828"	0.108994724661701	1.16252838282614e-12	2.47623280973312e-11	3.08443673131965e-13	2.85529534463099e-13	9.25619708259462e-13	1.9259189666809e-11	0.897259698106912	3.84221289424057e-13	3.55474943274363e-13	3.62318757790439e-20	1.82943788755799e-19	3.46877851990856e-20	1.74673755610761e-19	0.963624155289598	0.844	3.57e-09	8.66e-05	2.33e-05	0.000438	4.78e-05	3.67e-10	0.915	0.00358	0.000319	1.74e-08	9.12e-08	8.39e-07	1.8e-08	0.933	FALSE	TRUE	TRUE	TRUE	TRUE	TRUE	TRUE	FALSE	TRUE	TRUE	TRUE	TRUE	TRUE	TRUE	FALSE	TRUE	0.288	2.22	1.93	-2.35	-2.36	2.24	1.95	0.0226	-2.33	-2.34	4.57	4.28	4.58	4.29	0.00799	-2.31	-2.03	-0.0979	-0.0752	2.25	2.26
"SEC61B"	"P60468"	0.759581397666749	2.31857734744045e-08	4.81631827110238e-08	3.01769373467771e-05	7.53456232163488e-06	1.04906466746378e-05	2.35676780442146e-05	0.0211156327675522	6.03163726816318e-08	1.72330221607304e-08	8.44340856930394e-13	1.45131678612349e-12	3.40878506890071e-13	5.76510551275227e-13	0.600289962857488	0.93	0.00142	0.0226	0.455	0.451	0.318	0.0303	0.522	0.302	0.119	0.0348	0.0277	0.0637	0.0163	0.913	FALSE	TRUE	TRUE	FALSE	FALSE	FALSE	TRUE	FALSE	FALSE	FALSE	TRUE	TRUE	FALSE	TRUE	FALSE	TRUE	0.0416	1.06	1.02	-0.678	-0.75	0.732	0.691	-0.33	-1.01	-1.08	1.74	1.7	1.81	1.77	0.0713	-0.898	-0.857	0.164	-0.166	0.842	0.914
"SEC62"	"Q99442"	0.740750014687708	2.32507654132972e-06	5.50721357938511e-06	1.34699359199638e-08	8.85436194556369e-09	0.000488354483677252	0.00115750424234053	0.0510006172110382	1.56083606439939e-10	1.07688681748575e-10	1.09311361602887e-13	1.88905688611932e-13	8.14610307448738e-14	1.4000599462036e-13	0.856716878460451	0.929	0.0352	0.177	0.0479	0.0983	0.598	0.223	0.654	0.065	0.014	0.0145	0.0113	0.0386	0.00823	0.929	FALSE	TRUE	FALSE	TRUE	FALSE	FALSE	FALSE	FALSE	FALSE	TRUE	TRUE	TRUE	TRUE	TRUE	FALSE	TRUE	0.0916	1.65	1.56	-2.23	-2.28	1.09	1	-0.561	-2.79	-2.84	3.88	3.79	3.93	3.84	0.05	-1.78	-1.68	-0.123	-0.683	2.11	2.16
"SFT2D2"	"O95562"	0.00321311624943551	2.04392039207201e-08	7.29371336039222e-05	4.80902047411632e-06	2.88357229623319e-08	1.03729564283569e-08	3.37677818214486e-05	0.772067612907584	1.02899178980012e-05	5.77860819872128e-08	2.33165399842493e-13	8.88891924330303e-11	9.10080216213016e-15	1.79239438070552e-12	0.0493366008784327	0.511	0.00128	0.373	0.3	0.139	0.0341	0.0372	0.907	0.657	0.183	0.0199	0.107	0.0154	0.027	0.721	FALSE	TRUE	FALSE	FALSE	FALSE	TRUE	TRUE	FALSE	FALSE	FALSE	TRUE	FALSE	TRUE	TRUE	FALSE	TRUE	1.11	2.73	1.62	-1.97	-2.68	2.83	1.72	0.1	-1.87	-2.58	4.71	3.59	5.41	4.3	0.708	-2.8	-1.68	-0.0678	0.0327	1.91	2.61
"SIGMAR1"	"Q99720"	0.979366270252228	1.45242271138176e-10	1.53204579474251e-10	0.00163887805823734	0.00133458726510339	1.98509820593858e-06	2.12231216651259e-06	0.00033960765579272	4.32542051511438e-08	3.57132047199383e-08	2.23382181438523e-13	2.33288445717213e-13	1.95415520818334e-13	2.04041663085718e-13	0.936269838305421	0.939	7.51e-06	0.000485	0.743	0.761	0.217	0.00519	0.0954	0.282	0.154	0.0195	0.0125	0.0529	0.0099	0.932	FALSE	TRUE	TRUE	FALSE	FALSE	FALSE	TRUE	FALSE	FALSE	FALSE	TRUE	TRUE	FALSE	TRUE	FALSE	TRUE	0.0102	4	3.99	-1.37	-1.41	2.38	2.37	-1.61	-2.99	-3.02	5.37	5.36	5.4	5.39	0.0316	-2.86	-2.85	1.14	-0.478	2.51	2.54
"SLC16A7"	"O60669"	0.807107836606453	0.000590937045338935	0.00111591020068549	1.10122863413627e-13	2.34713057051883e-13	0.000185265298906116	0.000353348025146606	0.660464119945596	2.28357290613018e-13	4.96088508154311e-13	3.56059575951583e-16	4.94818295507022e-16	6.60609313984725e-16	9.24861303666013e-16	0.64872705971129	0.932	0.345	0.623	6.65e-06	0.000378	0.525	0.135	0.899	0.00278	0.000431	0.00059	0.00039	0.00456	0.000363	0.917	FALSE	FALSE	FALSE	TRUE	TRUE	FALSE	FALSE	FALSE	TRUE	TRUE	TRUE	TRUE	TRUE	TRUE	FALSE	TRUE	0.0465	0.738	0.691	-2.67	-2.58	0.821	0.775	0.0838	-2.59	-2.5	3.41	3.36	3.32	3.27	-0.0869	-1.39	-1.34	-0.652	-0.568	2.02	1.93
"SLC2A3"	"P11169"	0.999204719846662	5.90219380219545e-06	5.886805842935e-06	8.4072924443993e-09	3.64340415902824e-09	2.90803983619802e-05	2.90036252691628e-05	0.546910555373237	2.13546069179389e-09	9.53420664367869e-10	1.40937766383547e-13	1.40706094589531e-13	7.74689182829587e-14	7.73441410898063e-14	0.714516990847868	0.939	0.0584	0.181	0.0389	0.0736	0.385	0.034	0.887	0.141	0.0397	0.0159	0.00982	0.038	0.00595	0.921	FALSE	FALSE	FALSE	TRUE	FALSE	FALSE	TRUE	FALSE	FALSE	TRUE	TRUE	TRUE	TRUE	TRUE	FALSE	TRUE	-0.00019	1.07	1.07	-1.57	-1.64	0.954	0.954	-0.115	-1.69	-1.76	2.64	2.64	2.71	2.71	0.0697	-1.23	-1.23	-0.16	-0.275	1.41	1.48
"SLC38A2"	"Q96QD8"	0.782782696352877	0.000352011160261407	0.000725744784742397	3.5757633887138e-09	5.5944884600987e-08	0.0713534036271817	0.121316695879765	0.0344756116424117	3.3536814620259e-11	3.72332776836625e-10	1.03840181806907e-12	1.69638286966532e-12	8.9223646702829e-12	1.51038014693765e-11	0.24544104784229	0.931	0.29	0.587	0.0257	0.165	0.852	0.786	0.598	0.0375	0.0262	0.0378	0.0294	0.15	0.0613	0.863	FALSE	FALSE	FALSE	TRUE	FALSE	FALSE	FALSE	FALSE	TRUE	TRUE	TRUE	TRUE	FALSE	FALSE	FALSE	TRUE	0.0993	1.47	1.37	-3.11	-2.69	0.67	0.571	-0.796	-3.91	-3.48	4.58	4.48	4.15	4.05	-0.424	-1.83	-1.73	-0.361	-1.16	2.75	2.33
"SLC44A1"	"Q8WWI5"	0.470303256106078	1.12553050047464e-17	4.83768043871962e-18	2.23792445894628e-07	3.91208761368991e-11	1.8384782366115e-18	8.33748702852182e-19	0.121603952018679	1.32033115366603e-05	1.05967377261797e-09	9.05228052544249e-21	4.72351481561958e-21	3.32976134953767e-22	1.87338412235276e-22	0.000591840236136566	0.913	4.64e-14	7.23e-14	0.134	0.00967	7.13e-14	3.41e-14	0.762	0.67	0.0415	1.96e-09	8.1e-11	3.11e-10	4.75e-13	0.173	FALSE	TRUE	TRUE	FALSE	TRUE	TRUE	TRUE	FALSE	FALSE	TRUE	TRUE	TRUE	TRUE	TRUE	FALSE	TRUE	-0.164	4.66	4.83	-1.56	-2.43	5.02	5.18	0.358	-1.2	-2.07	6.22	6.38	7.09	7.26	0.875	-3.81	-3.97	0.857	1.21	2.41	3.29
"SMIM12"	"Q96EX1"	0.0579952067726192	1.73807576423784e-10	1.31536079806502e-08	6.91638210144411e-05	1.12168924420667e-05	1.71889334261882e-09	1.72253957807079e-07	0.290118676747026	4.10615933979455e-06	7.00604160687009e-07	3.62996421029411e-14	9.56615107858975e-13	1.2551546991048e-14	2.92639130396095e-13	0.494419030633551	0.803	9.3e-06	0.0108	0.525	0.48	0.0148	5e-04	0.843	0.603	0.377	0.00892	0.0236	0.0176	0.0116	0.904	FALSE	TRUE	TRUE	FALSE	FALSE	TRUE	TRUE	FALSE	FALSE	FALSE	TRUE	TRUE	TRUE	TRUE	FALSE	TRUE	0.713	3.64	2.93	-1.7	-1.95	3.25	2.54	-0.388	-2.09	-2.34	5.34	4.63	5.59	4.88	0.249	-3.09	-2.38	0.552	0.163	2.25	2.5
"SMIM13"	"P0DJ93"	0.518009760872337	3.24672243479037e-13	9.97787821328317e-13	0.000287427860916337	0.509511271169342	2.49505657219409e-07	1.28942410667494e-06	5.60626944514335e-07	4.69043463214317e-11	1.07646332580921e-07	5.90648452071829e-16	1.4518413779526e-15	1.07662118841228e-13	3.17399527187465e-13	0.00161692072158934	0.917	2.89e-10	1.89e-06	0.635	0.923	0.117	0.00342	0.000627	0.0425	0.226	0.000761	0.000783	0.0425	0.012	0.255	FALSE	TRUE	TRUE	FALSE	FALSE	FALSE	TRUE	TRUE	TRUE	FALSE	TRUE	TRUE	TRUE	TRUE	FALSE	TRUE	0.177	3.65	3.47	-1.13	-0.181	1.87	1.69	-1.78	-2.91	-1.96	4.78	4.61	3.83	3.65	-0.951	-2.39	-2.21	1.27	-0.516	2.4	1.45
"STT3B"	"Q8TCJ2"	0.0885918429556858	2.79478901412177e-07	2.60223415698816e-05	1.058758143189e-09	1.95070324512256e-10	6.30191445084359e-07	6.13449242733214e-05	0.746937762562176	5.26605325566643e-10	1.00293966286478e-10	5.23060754428562e-15	7.82447028552216e-14	1.66343591180092e-15	2.22734697219228e-14	0.430262075886362	0.832	0.0096	0.28	0.0131	0.0225	0.158	0.0532	0.905	0.0931	0.0135	0.00304	0.00736	0.00702	0.00277	0.896	FALSE	TRUE	FALSE	TRUE	TRUE	FALSE	FALSE	FALSE	FALSE	TRUE	TRUE	TRUE	TRUE	TRUE	FALSE	TRUE	0.365	1.42	1.05	-1.92	-2.08	1.35	0.987	-0.0674	-1.98	-2.15	3.34	2.97	3.5	3.14	0.165	-1.66	-1.3	-0.243	-0.31	1.67	1.84
"STX11"	"O75558"	0.463160271528012	5.1807681236528e-10	1.10716810560784e-10	4.57401583157584e-06	0.0073670683817293	1.18021509828104e-07	2.00006445598639e-08	0.0246926360151651	1.29807605198152e-08	1.58364780583119e-05	1.643656708833e-14	5.42165809366645e-15	1.81608239749738e-12	4.96156561932175e-13	0.00822898596673643	0.913	3.4e-05	0.000368	0.296	0.824	0.0897	4.02e-05	0.546	0.221	0.629	0.00585	0.0017	0.103	0.0152	0.473	FALSE	TRUE	TRUE	FALSE	FALSE	FALSE	TRUE	FALSE	FALSE	FALSE	TRUE	TRUE	FALSE	TRUE	FALSE	TRUE	-0.26	3.35	3.61	-2.01	-1.01	2.52	2.78	-0.832	-2.85	-1.85	5.37	5.63	4.37	4.63	-0.999	-2.56	-2.82	0.795	-0.0372	2.81	1.81
"SYNGR2"	"O43760"	0.945513521726448	3.00709553357576e-06	3.5920810446853e-06	6.20402761068608e-10	4.46760607896937e-10	2.33905546560572e-05	2.80358988062873e-05	0.437585162528944	1.20331968214955e-10	8.79931507630348e-11	1.46098100017997e-14	1.62199326950775e-14	1.15704575770117e-14	1.2834751604041e-14	0.878133598894461	0.938	0.0408	0.154	0.00975	0.0325	0.371	0.0334	0.873	0.0595	0.0127	0.00549	0.00333	0.017	0.00199	0.93	FALSE	TRUE	FALSE	TRUE	TRUE	FALSE	TRUE	FALSE	FALSE	TRUE	TRUE	TRUE	TRUE	TRUE	FALSE	TRUE	0.0139	1.2	1.18	-1.92	-1.96	1.04	1.03	-0.159	-2.08	-2.12	3.12	3.11	3.15	3.14	0.0313	-1.42	-1.41	-0.223	-0.382	1.7	1.73
"TECR"	"Q9NZ01"	0.00102851397073359	3.13467972963509e-07	0.00431593986409275	9.7618654316657e-09	4.650614154378e-11	1.71524794304158e-07	0.00235030789593927	0.808684508013313	1.7178008618599e-08	7.56267005807885e-11	2.49934209199485e-14	1.4007231359122e-11	6.65282509596733e-16	1.65953829394695e-13	0.0187067172211482	0.371	0.0104	0.723	0.0416	0.0106	0.103	0.298	0.91	0.233	0.0119	0.00736	0.0639	0.00458	0.00896	0.596	FALSE	TRUE	FALSE	TRUE	TRUE	FALSE	FALSE	FALSE	FALSE	TRUE	TRUE	FALSE	TRUE	TRUE	FALSE	TRUE	0.622	1.15	0.526	-1.39	-1.81	1.19	0.567	0.0411	-1.35	-1.77	2.54	1.92	2.96	2.34	0.422	-1.41	-0.788	-0.262	-0.221	1.13	1.55
"TMBIM1"	"Q969X1"	0.445360645210031	1.59498118282575e-09	9.03971083111384e-09	3.70893016245007e-12	3.2474605767688e-13	3.8654909260524e-07	2.74929750075668e-06	0.0269779905519047	6.81230299769983e-14	8.02843931188332e-15	7.4537248478511e-18	1.84879784521412e-17	1.56823264468791e-18	3.6953445114329e-18	0.175935443273151	0.911	0.000115	0.00859	0.00027	0.000479	0.136	0.00645	0.56	0.00129	6.7e-06	1.86e-05	2.25e-05	5.42e-05	1.46e-06	0.84	FALSE	TRUE	TRUE	TRUE	TRUE	FALSE	TRUE	FALSE	TRUE	TRUE	TRUE	TRUE	TRUE	TRUE	FALSE	TRUE	0.183	2.14	1.96	-2.86	-3.19	1.59	1.41	-0.553	-3.41	-3.74	5	4.82	5.33	5.15	0.328	-2.38	-2.19	-0.232	-0.785	2.63	2.96
"TMBIM6"	"P55061"	0.0347551826783128	2.01604184995634e-07	6.1421001249615e-05	4.00782662741822e-08	5.41243055354067e-08	7.30371859132445e-07	0.000239164738766926	0.609377107442538	1.19474293332869e-08	1.5997134404653e-08	4.85686429737306e-14	2.04495353951376e-12	5.92929665722994e-14	2.56410775870105e-12	0.900600450791766	0.764	0.00768	0.356	0.0745	0.163	0.165	0.112	0.894	0.217	0.116	0.0102	0.0316	0.0344	0.0315	0.931	FALSE	TRUE	FALSE	FALSE	FALSE	FALSE	FALSE	FALSE	FALSE	FALSE	TRUE	TRUE	TRUE	TRUE	FALSE	TRUE	1.16	3.64	2.48	-3.99	-3.92	3.37	2.21	-0.269	-4.26	-4.19	7.63	6.47	7.57	6.41	-0.0656	-3.89	-2.74	-0.253	-0.522	3.74	3.67
"TMEM109"	"Q9BVC6"	0.755840592397902	0.000156690439051194	6.85600062051612e-05	5.24886076578988e-10	2.3542749999867e-10	0.012720623144842	0.00603217209883857	0.0929483782954812	1.56962691360779e-11	7.62840986086626e-12	1.38961317024532e-13	8.35245168090714e-14	7.48610781590911e-14	4.5473388628713e-14	0.705154464022747	0.93	0.22	0.367	0.00893	0.0246	0.786	0.424	0.731	0.0271	0.0031	0.0158	0.00757	0.0375	0.00434	0.92	FALSE	FALSE	FALSE	TRUE	TRUE	FALSE	FALSE	FALSE	TRUE	TRUE	TRUE	TRUE	TRUE	TRUE	FALSE	TRUE	-0.152	2.14	2.3	-4.66	-4.84	1.3	1.45	-0.846	-5.5	-5.69	6.8	6.95	6.99	7.14	0.186	-2.85	-3	-0.702	-1.55	3.96	4.14
"TMEM123"	"Q8N131"	0.843314853523108	6.86909671874585e-09	1.0844188572372e-08	8.88838934489429e-05	7.56805873962344e-05	1.23672581264134e-06	2.0576069847888e-06	0.0408417333362351	3.43946886814871e-07	2.95574528923103e-07	6.90472481750865e-13	9.76137616195344e-13	6.21538224688816e-13	8.77619706677691e-13	0.951744274260155	0.934	0.000482	0.00961	0.546	0.612	0.192	0.00506	0.622	0.431	0.304	0.032	0.0238	0.0758	0.0198	0.933	FALSE	TRUE	TRUE	FALSE	FALSE	FALSE	TRUE	FALSE	FALSE	FALSE	TRUE	TRUE	FALSE	TRUE	FALSE	TRUE	0.0682	2.88	2.81	-1.58	-1.61	2.15	2.08	-0.736	-2.32	-2.34	4.47	4.4	4.49	4.42	0.0209	-2.34	-2.27	0.54	-0.195	2.12	2.15
"TMEM147"	"Q9BVK8"	0.944796104357693	6.57282147147203e-07	7.83768080358765e-07	2.05127613493155e-07	2.08174943039942e-06	0.000642262629086089	0.000769458102956913	0.0135655004773698	4.77728391984923e-10	3.55183695175168e-09	3.1599633005212e-13	3.55460872450182e-13	1.5516983102969e-12	1.75667633088688e-12	0.364720221986747	0.938	0.0167	0.085	0.13	0.354	0.617	0.189	0.451	0.0909	0.0662	0.0226	0.0151	0.0982	0.0268	0.887	FALSE	TRUE	FALSE	FALSE	FALSE	FALSE	FALSE	FALSE	FALSE	FALSE	TRUE	TRUE	FALSE	TRUE	FALSE	TRUE	0.0225	2.1	2.08	-2.25	-1.96	1.25	1.23	-0.853	-3.11	-2.81	4.36	4.33	4.06	4.04	-0.297	-1.97	-1.94	0.138	-0.715	2.39	2.09
"TMEM214"	"Q6NUQ4"	0.00120604564364872	6.88058194604231e-10	6.4145938737051e-13	2.4344855849588e-06	0.00067665932913335	2.24719266115897e-06	4.44068727945287e-10	0.00203631435913719	7.35565334605068e-10	1.0046770200328e-07	1.38845098894976e-14	9.18531978685215e-17	4.36899564275891e-13	1.61016671964144e-15	0.040711828305071	0.387	4.65e-05	1.12e-06	0.254	0.731	0.224	1.47e-07	0.227	0.102	0.221	0.00534	9.9e-05	0.0687	0.000523	0.698	FALSE	TRUE	TRUE	FALSE	FALSE	FALSE	TRUE	FALSE	FALSE	FALSE	TRUE	TRUE	FALSE	TRUE	FALSE	TRUE	-0.841	2.19	3.03	-1.39	-0.893	1.4	2.24	-0.793	-2.18	-1.69	3.58	4.42	3.09	3.93	-0.498	-1.57	-2.41	0.622	-0.171	2.01	1.52
"TMEM222"	"Q9H0R3"	0.529058502635048	1.40662804672747e-21	2.41390654142083e-21	6.49881671569905e-05	1.70384610465752e-05	2.13795554149062e-21	3.70087057079571e-21	0.624260622524001	1.76664693535048e-05	4.68523721029025e-06	3.43443601746287e-23	5.48793026300193e-23	2.37602337262968e-23	3.77183374914969e-23	0.614676995429159	0.918	4.64e-14	7.23e-14	0.52	0.511	7.13e-14	3.41e-14	0.895	0.686	0.537	9.43e-13	9.17e-13	1.89e-12	4.75e-13	0.914	FALSE	TRUE	TRUE	FALSE	FALSE	TRUE	TRUE	FALSE	FALSE	FALSE	TRUE	TRUE	TRUE	TRUE	FALSE	TRUE	0.0993	4.66	4.57	-0.74	-0.82	4.59	4.49	-0.0772	-0.818	-0.897	5.41	5.31	5.48	5.39	0.0793	-3.37	-3.27	1.29	1.21	2.03	2.11
"TMEM258"	"P61165"	0.687021578305603	6.46807146396182e-08	2.45920244774372e-08	1.88105387639777e-09	2.47778501347953e-08	0.00213187338226353	0.000753602986956784	0.000401721217863186	6.85585203777096e-13	5.17687851484713e-12	3.21362953631201e-15	1.80214102613387e-15	1.71671027075197e-14	9.29921544781159e-15	0.26693227586586	0.927	0.00326	0.0157	0.018	0.134	0.694	0.187	0.105	0.00499	0.00239	0.00227	0.000889	0.0203	0.00162	0.869	FALSE	TRUE	TRUE	TRUE	FALSE	FALSE	FALSE	FALSE	TRUE	TRUE	TRUE	TRUE	TRUE	TRUE	FALSE	TRUE	-0.108	1.98	2.09	-2.39	-2.09	0.903	1.01	-1.08	-3.46	-3.16	4.36	4.47	4.06	4.17	-0.3	-1.87	-1.97	0.111	-0.964	2.5	2.2
"TMEM41B"	"Q5BJD5"	0.156930654039201	2.80089871117592e-07	1.15275492495845e-05	5.0737185073309e-11	1.33674968876729e-12	2.24409073937612e-07	9.12105956480516e-06	0.929157750004332	6.06272098525827e-11	1.56652957475287e-12	6.64037427570435e-16	5.15778260749205e-15	5.32605800697124e-17	3.44584952985535e-16	0.0624531385402955	0.864	0.00962	0.224	0.00212	0.00115	0.113	0.0165	0.917	0.0465	0.00105	8e-04	0.00165	0.001	0.000195	0.747	FALSE	TRUE	FALSE	TRUE	TRUE	FALSE	TRUE	FALSE	TRUE	TRUE	TRUE	TRUE	TRUE	TRUE	FALSE	TRUE	0.276	1.3	1.03	-2.04	-2.41	1.32	1.04	0.017	-2.02	-2.39	3.34	3.06	3.71	3.43	0.369	-1.66	-1.38	-0.355	-0.338	1.68	2.05
"TMEM43"	"Q9BTV4"	0.000629558184170328	1.31915326997686e-09	1.61546570312013e-05	0.000649597247531193	8.16211663159879e-05	8.0287933677304e-09	0.00013585055518748	0.425230305191423	7.79581742201613e-05	9.73930105377112e-06	7.13029378485927e-13	1.35437281317884e-09	1.87076525342374e-13	2.51062638077541e-10	0.435146546834163	0.322	9.4e-05	0.247	0.69	0.616	0.0304	0.0829	0.871	0.754	0.594	0.0324	0.201	0.0521	0.139	0.897	FALSE	TRUE	FALSE	FALSE	FALSE	TRUE	FALSE	FALSE	FALSE	FALSE	TRUE	FALSE	FALSE	FALSE	FALSE	TRUE	2.17	5.12	2.95	-2.16	-2.61	4.67	2.5	-0.452	-2.62	-3.06	7.28	5.11	7.73	5.56	0.442	-4.49	-2.32	0.625	0.173	2.79	3.23
"TMEM50A"	"O95807"	0.710803173876237	0.00681870436685336	0.0164435149536943	4.89729540001287e-10	5.33883717354401e-11	0.000191074910712486	0.000508733193410664	0.17177801812443	1.09036608519032e-08	9.77214976123182e-10	1.63596819607339e-12	3.20466717365296e-12	2.54324897177263e-13	4.7839394463215e-13	0.289154235400865	0.928	0.614	0.8	0.0086	0.0114	0.528	0.159	0.797	0.213	0.0401	0.0453	0.0378	0.0579	0.0149	0.874	FALSE	FALSE	FALSE	TRUE	TRUE	FALSE	FALSE	FALSE	FALSE	TRUE	TRUE	TRUE	FALSE	TRUE	FALSE	TRUE	0.0993	0.779	0.68	-2.55	-2.84	1.15	1.05	0.372	-2.18	-2.47	3.33	3.23	3.62	3.52	0.287	-1.5	-1.4	-0.718	-0.345	1.84	2.12
"TMEM55B"	"Q86T03"	0.306543665164108	2.90488025836616e-11	2.35781699774927e-10	4.50242965389977e-07	2.27490712893313e-08	5.23390218451883e-11	4.41479569023187e-10	0.766550269429636	2.14008843401513e-07	1.13324495166664e-08	5.85247859644072e-16	2.48212914958475e-15	1.16183704500523e-16	4.53458212749192e-16	0.228684698135998	0.896	8.47e-07	0.000701	0.164	0.131	0.00162	1.46e-07	0.907	0.395	0.102	0.000758	0.00107	0.00162	0.000232	0.859	FALSE	TRUE	TRUE	FALSE	FALSE	TRUE	TRUE	FALSE	FALSE	FALSE	TRUE	TRUE	TRUE	TRUE	FALSE	TRUE	0.329	3.48	3.15	-2.11	-2.5	3.39	3.06	-0.0947	-2.2	-2.59	5.59	5.26	5.98	5.65	0.389	-3.13	-2.8	0.353	0.259	2.46	2.85
"TMEM97"	"Q5BJF2"	0.624317253413403	6.13655971264173e-14	1.36354860025131e-13	0.00184369415387027	0.00607785954399635	1.22345724873074e-10	3.40085366776526e-10	0.000260872405046149	3.80121895297555e-08	1.2078586180076e-07	3.9577727286039e-16	7.71742461844137e-16	7.56821105502841e-16	1.49925661790221e-15	0.634322672690916	0.924	7.2e-12	1.14e-07	0.75	0.817	0.00282	9.56e-08	0.0816	0.275	0.234	0.000625	0.00053	0.00487	0.000501	0.916	FALSE	TRUE	TRUE	FALSE	FALSE	TRUE	TRUE	FALSE	FALSE	FALSE	TRUE	TRUE	TRUE	TRUE	FALSE	TRUE	0.0958	2.81	2.71	-0.671	-0.578	1.99	1.9	-0.817	-1.49	-1.39	3.48	3.38	3.39	3.29	-0.093	-1.96	-1.86	0.848	0.0314	1.52	1.43
"TMX1"	"Q9H3N1"	0.64611046038525	1.4651670232894e-07	4.6165711201154e-07	3.61811494647868e-08	1.91384467779884e-09	3.49144414959324e-07	1.12102772460836e-06	0.727347604648211	1.58312080203504e-08	8.89146860575893e-10	3.69997243538837e-14	7.71415147540131e-14	5.29846056508101e-15	1.05246946047924e-14	0.209377523325058	0.925	0.0061	0.0679	0.0717	0.0587	0.132	0.00305	0.904	0.23	0.0385	0.009	0.00732	0.0123	0.00176	0.853	FALSE	TRUE	FALSE	FALSE	FALSE	FALSE	TRUE	FALSE	FALSE	TRUE	TRUE	TRUE	TRUE	TRUE	FALSE	TRUE	0.0826	1.27	1.19	-1.37	-1.6	1.21	1.12	-0.0627	-1.43	-1.66	2.64	2.56	2.87	2.79	0.229	-1.34	-1.26	-0.0759	-0.139	1.3	1.53
"TNFRSF25"	"Q93038"	0.720199647954887	0.000981489810508072	0.00246188533485234	3.80647797739305e-11	0.613820667849441	0.187442190005419	0.33042153874954	0.0259340810606488	5.04583284779839e-13	0.00800597815343532	5.45267068349345e-14	9.72699212249462e-14	0.000260611206730387	0.000669039456998674	1.05276216877516e-10	0.928	0.402	0.684	0.00173	0.926	0.881	0.86	0.554	0.0041	0.893	0.0108	0.00811	0.843	0.847	4.28e-09	FALSE	FALSE	FALSE	TRUE	FALSE	FALSE	FALSE	FALSE	TRUE	FALSE	TRUE	TRUE	FALSE	FALSE	TRUE	TRUE	0.105	1.08	0.977	-3.17	-0.149	0.394	0.289	-0.688	-3.86	-0.837	4.25	4.15	1.23	1.13	-3.02	-1.18	-1.07	-0.0954	-0.784	3.08	0.0533
"TRAM1"	"Q15629"	0.59764752682103	1.64421256396249e-06	6.50977611286877e-06	2.31661118171098e-08	1.93965227442436e-08	3.70555165202202e-05	0.000151129429569543	0.241309995701804	1.53338173875382e-09	1.29942462234249e-09	1.28064396176607e-13	3.09923065338824e-13	1.13187223914223e-13	2.72898171035247e-13	0.940044931579626	0.922	0.0285	0.186	0.0603	0.125	0.401	0.0876	0.828	0.128	0.0452	0.0154	0.0141	0.0432	0.0113	0.932	FALSE	TRUE	FALSE	FALSE	FALSE	FALSE	FALSE	FALSE	FALSE	TRUE	TRUE	TRUE	TRUE	TRUE	FALSE	TRUE	0.129	1.49	1.36	-1.91	-1.93	1.2	1.07	-0.29	-2.2	-2.22	3.41	3.28	3.43	3.3	0.0184	-1.61	-1.48	-0.116	-0.407	1.8	1.82
"TSPAN14"	"Q8NG11"	0.0644512727105904	4.85712896524565e-08	6.05563527687575e-06	4.88636922007928e-05	5.27834038326759e-07	2.67402495549414e-09	2.47980934257878e-07	0.218991371424805	0.00130762120183518	1.33629387355665e-05	2.02268673660604e-12	7.82830701741126e-11	1.02647786944239e-13	2.78306319838095e-12	0.0913099328830685	0.811	0.0026	0.182	0.496	0.272	0.0183	0.000737	0.819	0.846	0.617	0.0491	0.103	0.0419	0.0326	0.785	FALSE	TRUE	FALSE	FALSE	FALSE	TRUE	TRUE	FALSE	FALSE	FALSE	TRUE	FALSE	TRUE	TRUE	FALSE	TRUE	0.921	3.62	2.7	-2.32	-3.16	4.22	3.3	0.601	-1.72	-2.56	5.94	5.02	6.78	5.86	0.836	-3.58	-2.66	0.0408	0.642	2.36	3.2
"TSPAN31"	"Q12999"	0.560013185193964	0.00128684419797005	0.00561879107553998	2.99823570111874e-11	4.62699191179924e-13	0.00589059119190058	0.0233230224173807	0.547235792994126	9.34518592650308e-12	1.66831784263623e-13	5.31323961238145e-14	1.37226842410011e-13	1.74931942141001e-15	4.05688601435628e-15	0.0303184362451107	0.92	0.432	0.74	0.00145	0.000602	0.75	0.608	0.887	0.021	0.000168	0.0107	0.0097	0.00718	0.000925	0.661	FALSE	FALSE	FALSE	TRUE	TRUE	FALSE	FALSE	FALSE	TRUE	TRUE	TRUE	TRUE	TRUE	TRUE	FALSE	TRUE	0.0993	0.607	0.508	-1.85	-2.24	0.505	0.406	-0.103	-1.96	-2.34	2.46	2.36	2.85	2.75	0.386	-1.09	-0.987	-0.479	-0.581	1.37	1.76
"VDAC2"	"P45880"	0.23237891161754	2.46585496715363e-10	3.43123578902553e-09	0.014353484929026	0.000730195316214824	7.977792826225e-11	1.01795931969229e-09	0.58486139583812	0.0483819617786574	0.00297879785557649	1.60193278490722e-12	1.5166502417616e-11	2.0274769004593e-13	1.64858207977528e-12	0.238447350628732	0.884	1.44e-05	0.00458	0.839	0.735	0.0021	5.69e-07	0.891	0.915	0.87	0.045	0.0654	0.0536	0.0261	0.861	FALSE	TRUE	TRUE	FALSE	FALSE	TRUE	TRUE	FALSE	FALSE	FALSE	TRUE	FALSE	FALSE	TRUE	FALSE	TRUE	0.21	1.71	1.5	-0.45	-0.657	1.8	1.59	0.0948	-0.355	-0.562	2.16	1.95	2.36	2.15	0.207	-1.37	-1.16	0.334	0.429	0.784	0.991
"ZDHHC20"	"Q5W0Z9"	0.47854995820854	0.000132709460386602	0.000865389314635678	2.93715569577352e-09	6.42356074078619e-09	0.00689675653872453	0.0356257111864909	0.13353684016022	1.0955157863556e-10	2.23453565795395e-10	4.69272260055381e-13	1.63721454158414e-12	8.54056023158805e-13	3.0563346214823e-12	0.730434609332156	0.914	0.208	0.602	0.0232	0.0889	0.758	0.661	0.772	0.0575	0.0206	0.0271	0.029	0.0825	0.0338	0.922	FALSE	FALSE	FALSE	TRUE	FALSE	FALSE	FALSE	FALSE	FALSE	TRUE	TRUE	TRUE	FALSE	TRUE	FALSE	TRUE	0.288	1.8	1.51	-3.53	-3.39	1.18	0.888	-0.621	-4.15	-4.01	5.33	5.04	5.19	4.9	-0.14	-2.3	-2.01	-0.499	-1.12	3.03	2.89
"ZDHHC3"	"Q9NYG2"	0.190422307026238	3.52458995685576e-09	8.01480856636863e-08	8.45623301863436e-10	1.73793336856726e-11	1.59586353755164e-11	2.31244403489171e-10	0.0148470189625266	3.61153929947182e-07	3.89465265368845e-09	3.43071199985973e-16	2.16052605415234e-15	3.02984887365226e-17	1.62870912798166e-16	0.0666720072250119	0.874	0.000261	0.0295	0.0116	0.00603	0.000667	4.95e-08	0.465	0.434	0.0683	0.000578	0.000987	0.000708	0.000108	0.754	FALSE	TRUE	TRUE	TRUE	TRUE	TRUE	TRUE	FALSE	FALSE	FALSE	TRUE	TRUE	TRUE	TRUE	FALSE	TRUE	0.336	2.18	1.84	-2.34	-2.82	2.83	2.5	0.652	-1.69	-2.17	4.52	4.19	5	4.67	0.478	-2.48	-2.14	-0.299	0.353	2.04	2.52
"ZDHHC5"	"Q9C0B5"	0.502945632086396	0.0148478620757093	0.0644972539683763	6.18907698795148e-16	1.93682039018594e-15	0.0133994845654455	0.0589637557278149	0.964877134440233	6.57318423152247e-16	2.06215983384691e-15	2.22699692693193e-17	5.09435504816224e-17	6.1141312745507e-17	1.44315048985753e-16	0.416116423800368	0.916	0.687	0.859	1.81e-09	1.89e-06	0.788	0.717	0.919	1.36e-05	1.02e-06	5.67e-05	5.49e-05	0.00108	9.65e-05	0.895	FALSE	FALSE	FALSE	TRUE	TRUE	FALSE	FALSE	FALSE	TRUE	TRUE	TRUE	TRUE	TRUE	TRUE	FALSE	TRUE	0.0993	0.382	0.282	-2.58	-2.46	0.388	0.289	0.0065	-2.58	-2.46	2.96	2.87	2.84	2.74	-0.121	-1.11	-1.01	-0.731	-0.725	1.85	1.73
